aircraft,target,weather,time_of_day,destruction_probability,civilian_risk,mission_rating
B-2,wooden_house,clear,early_morning,90.2,10.5,A-RANK
B-2,wooden_house,clear,morning,90.2,36.8,B-RANK
B-2,wooden_house,clear,afternoon,90.2,52.5,C-RANK
B-2,wooden_house,clear,evening,90.2,42.0,C-RANK
B-2,wooden_house,clear,night,90.2,21.0,B-RANK
B-2,wooden_house,light_rain,early_morning,81.1,10.5,B-RANK
B-2,wooden_house,light_rain,morning,81.1,36.8,B-RANK
B-2,wooden_house,light_rain,afternoon,81.1,52.5,C-RANK
B-2,wooden_house,light_rain,evening,81.1,42.0,C-RANK
B-2,wooden_house,light_rain,night,81.1,21.0,B-RANK
B-2,wooden_house,heavy_rain,early_morning,63.1,10.5,C-RANK
B-2,wooden_house,heavy_rain,morning,63.1,36.8,C-RANK
B-2,wooden_house,heavy_rain,afternoon,63.1,52.5,C-RANK
B-2,wooden_house,heavy_rain,evening,63.1,42.0,C-RANK
B-2,wooden_house,heavy_rain,night,63.1,21.0,C-RANK
B-2,wooden_house,windy,early_morning,76.6,10.5,B-RANK
B-2,wooden_house,windy,morning,76.6,36.8,B-RANK
B-2,wooden_house,windy,afternoon,76.6,52.5,C-RANK
B-2,wooden_house,windy,evening,76.6,42.0,C-RANK
B-2,wooden_house,windy,night,76.6,21.0,B-RANK
B-2,wooden_house,storm,early_morning,45.1,10.5,D-RANK
B-2,wooden_house,storm,morning,45.1,36.8,D-RANK
B-2,wooden_house,storm,afternoon,45.1,52.5,D-RANK
B-2,wooden_house,storm,evening,45.1,42.0,D-RANK
B-2,wooden_house,storm,night,45.1,21.0,D-RANK
B-2,wooden_house,fog,early_morning,54.1,10.5,D-RANK
B-2,wooden_house,fog,morning,54.1,36.8,D-RANK
B-2,wooden_house,fog,afternoon,54.1,52.5,D-RANK
B-2,wooden_house,fog,evening,54.1,42.0,D-RANK
B-2,wooden_house,fog,night,54.1,21.0,D-RANK
B-2,concrete_bunker,clear,early_morning,35.3,2.1,F-RANK
B-2,concrete_bunker,clear,morning,35.3,7.3,F-RANK
B-2,concrete_bunker,clear,afternoon,35.3,10.5,F-RANK
B-2,concrete_bunker,clear,evening,35.3,8.4,F-RANK
B-2,concrete_bunker,clear,night,35.3,4.2,F-RANK
B-2,concrete_bunker,light_rain,early_morning,31.8,2.1,F-RANK
B-2,concrete_bunker,light_rain,morning,31.8,7.3,F-RANK
B-2,concrete_bunker,light_rain,afternoon,31.8,10.5,F-RANK
B-2,concrete_bunker,light_rain,evening,31.8,8.4,F-RANK
B-2,concrete_bunker,light_rain,night,31.8,4.2,F-RANK
B-2,concrete_bunker,heavy_rain,early_morning,24.7,2.1,F-RANK
B-2,concrete_bunker,heavy_rain,morning,24.7,7.3,F-RANK
B-2,concrete_bunker,heavy_rain,afternoon,24.7,10.5,F-RANK
B-2,concrete_bunker,heavy_rain,evening,24.7,8.4,F-RANK
B-2,concrete_bunker,heavy_rain,night,24.7,4.2,F-RANK
B-2,concrete_bunker,windy,early_morning,30.0,2.1,F-RANK
B-2,concrete_bunker,windy,morning,30.0,7.3,F-RANK
B-2,concrete_bunker,windy,afternoon,30.0,10.5,F-RANK
B-2,concrete_bunker,windy,evening,30.0,8.4,F-RANK
B-2,concrete_bunker,windy,night,30.0,4.2,F-RANK
B-2,concrete_bunker,storm,early_morning,17.6,2.1,F-RANK
B-2,concrete_bunker,storm,morning,17.6,7.3,F-RANK
B-2,concrete_bunker,storm,afternoon,17.6,10.5,F-RANK
B-2,concrete_bunker,storm,evening,17.6,8.4,F-RANK
B-2,concrete_bunker,storm,night,17.6,4.2,F-RANK
B-2,concrete_bunker,fog,early_morning,21.2,2.1,F-RANK
B-2,concrete_bunker,fog,morning,21.2,7.3,F-RANK
B-2,concrete_bunker,fog,afternoon,21.2,10.5,F-RANK
B-2,concrete_bunker,fog,evening,21.2,8.4,F-RANK
B-2,concrete_bunker,fog,night,21.2,4.2,F-RANK
B-2,nuclear_facility,clear,early_morning,29.4,10.5,F-RANK
B-2,nuclear_facility,clear,morning,29.4,36.8,F-RANK
B-2,nuclear_facility,clear,afternoon,29.4,52.5,F-RANK
B-2,nuclear_facility,clear,evening,29.4,42.0,F-RANK
B-2,nuclear_facility,clear,night,29.4,21.0,F-RANK
B-2,nuclear_facility,light_rain,early_morning,26.5,10.5,F-RANK
B-2,nuclear_facility,light_rain,morning,26.5,36.8,F-RANK
B-2,nuclear_facility,light_rain,afternoon,26.5,52.5,F-RANK
B-2,nuclear_facility,light_rain,evening,26.5,42.0,F-RANK
B-2,nuclear_facility,light_rain,night,26.5,21.0,F-RANK
B-2,nuclear_facility,heavy_rain,early_morning,20.6,10.5,F-RANK
B-2,nuclear_facility,heavy_rain,morning,20.6,36.8,F-RANK
B-2,nuclear_facility,heavy_rain,afternoon,20.6,52.5,F-RANK
B-2,nuclear_facility,heavy_rain,evening,20.6,42.0,F-RANK
B-2,nuclear_facility,heavy_rain,night,20.6,21.0,F-RANK
B-2,nuclear_facility,windy,early_morning,25.0,10.5,F-RANK
B-2,nuclear_facility,windy,morning,25.0,36.8,F-RANK
B-2,nuclear_facility,windy,afternoon,25.0,52.5,F-RANK
B-2,nuclear_facility,windy,evening,25.0,42.0,F-RANK
B-2,nuclear_facility,windy,night,25.0,21.0,F-RANK
B-2,nuclear_facility,storm,early_morning,14.7,10.5,F-RANK
B-2,nuclear_facility,storm,morning,14.7,36.8,F-RANK
B-2,nuclear_facility,storm,afternoon,14.7,52.5,F-RANK
B-2,nuclear_facility,storm,evening,14.7,42.0,F-RANK
B-2,nuclear_facility,storm,night,14.7,21.0,F-RANK
B-2,nuclear_facility,fog,early_morning,17.6,10.5,F-RANK
B-2,nuclear_facility,fog,morning,17.6,36.8,F-RANK
B-2,nuclear_facility,fog,afternoon,17.6,52.5,F-RANK
B-2,nuclear_facility,fog,evening,17.6,42.0,F-RANK
B-2,nuclear_facility,fog,night,17.6,21.0,F-RANK
B-2,military_base,clear,early_morning,51.0,4.9,D-RANK
B-2,military_base,clear,morning,51.0,17.1,D-RANK
B-2,military_base,clear,afternoon,51.0,24.5,D-RANK
B-2,military_base,clear,evening,51.0,19.6,D-RANK
B-2,military_base,clear,night,51.0,9.8,D-RANK
B-2,military_base,light_rain,early_morning,45.9,4.9,D-RANK
B-2,military_base,light_rain,morning,45.9,17.1,D-RANK
B-2,military_base,light_rain,afternoon,45.9,24.5,D-RANK
B-2,military_base,light_rain,evening,45.9,19.6,D-RANK
B-2,military_base,light_rain,night,45.9,9.8,D-RANK
B-2,military_base,heavy_rain,early_morning,35.7,4.9,F-RANK
B-2,military_base,heavy_rain,morning,35.7,17.1,F-RANK
B-2,military_base,heavy_rain,afternoon,35.7,24.5,F-RANK
B-2,military_base,heavy_rain,evening,35.7,19.6,F-RANK
B-2,military_base,heavy_rain,night,35.7,9.8,F-RANK
B-2,military_base,windy,early_morning,43.3,4.9,D-RANK
B-2,military_base,windy,morning,43.3,17.1,D-RANK
B-2,military_base,windy,afternoon,43.3,24.5,D-RANK
B-2,military_base,windy,evening,43.3,19.6,D-RANK
B-2,military_base,windy,night,43.3,9.8,D-RANK
B-2,military_base,storm,early_morning,25.5,4.9,F-RANK
B-2,military_base,storm,morning,25.5,17.1,F-RANK
B-2,military_base,storm,afternoon,25.5,24.5,F-RANK
B-2,military_base,storm,evening,25.5,19.6,F-RANK
B-2,military_base,storm,night,25.5,9.8,F-RANK
B-2,military_base,fog,early_morning,30.6,4.9,F-RANK
B-2,military_base,fog,morning,30.6,17.1,F-RANK
B-2,military_base,fog,afternoon,30.6,24.5,F-RANK
B-2,military_base,fog,evening,30.6,19.6,F-RANK
B-2,military_base,fog,night,30.6,9.8,F-RANK
B-2,bridge,clear,early_morning,66.6,2.1,C-RANK
B-2,bridge,clear,morning,66.6,7.3,C-RANK
B-2,bridge,clear,afternoon,66.6,10.5,C-RANK
B-2,bridge,clear,evening,66.6,8.4,C-RANK
B-2,bridge,clear,night,66.6,4.2,C-RANK
B-2,bridge,light_rain,early_morning,60.0,2.1,C-RANK
B-2,bridge,light_rain,morning,60.0,7.3,C-RANK
B-2,bridge,light_rain,afternoon,60.0,10.5,C-RANK
B-2,bridge,light_rain,evening,60.0,8.4,C-RANK
B-2,bridge,light_rain,night,60.0,4.2,C-RANK
B-2,bridge,heavy_rain,early_morning,46.6,2.1,D-RANK
B-2,bridge,heavy_rain,morning,46.6,7.3,D-RANK
B-2,bridge,heavy_rain,afternoon,46.6,10.5,D-RANK
B-2,bridge,heavy_rain,evening,46.6,8.4,D-RANK
B-2,bridge,heavy_rain,night,46.6,4.2,D-RANK
B-2,bridge,windy,early_morning,56.6,2.1,D-RANK
B-2,bridge,windy,morning,56.6,7.3,D-RANK
B-2,bridge,windy,afternoon,56.6,10.5,D-RANK
B-2,bridge,windy,evening,56.6,8.4,D-RANK
B-2,bridge,windy,night,56.6,4.2,D-RANK
B-2,bridge,storm,early_morning,33.3,2.1,F-RANK
B-2,bridge,storm,morning,33.3,7.3,F-RANK
B-2,bridge,storm,afternoon,33.3,10.5,F-RANK
B-2,bridge,storm,evening,33.3,8.4,F-RANK
B-2,bridge,storm,night,33.3,4.2,F-RANK
B-2,bridge,fog,early_morning,40.0,2.1,D-RANK
B-2,bridge,fog,morning,40.0,7.3,D-RANK
B-2,bridge,fog,afternoon,40.0,10.5,D-RANK
B-2,bridge,fog,evening,40.0,8.4,D-RANK
B-2,bridge,fog,night,40.0,4.2,D-RANK
B-2,command_center,clear,early_morning,43.1,4.9,D-RANK
B-2,command_center,clear,morning,43.1,17.1,D-RANK
B-2,command_center,clear,afternoon,43.1,24.5,D-RANK
B-2,command_center,clear,evening,43.1,19.6,D-RANK
B-2,command_center,clear,night,43.1,9.8,D-RANK
B-2,command_center,light_rain,early_morning,38.8,4.9,F-RANK
B-2,command_center,light_rain,morning,38.8,17.1,F-RANK
B-2,command_center,light_rain,afternoon,38.8,24.5,F-RANK
B-2,command_center,light_rain,evening,38.8,19.6,F-RANK
B-2,command_center,light_rain,night,38.8,9.8,F-RANK
B-2,command_center,heavy_rain,early_morning,30.2,4.9,F-RANK
B-2,command_center,heavy_rain,morning,30.2,17.1,F-RANK
B-2,command_center,heavy_rain,afternoon,30.2,24.5,F-RANK
B-2,command_center,heavy_rain,evening,30.2,19.6,F-RANK
B-2,command_center,heavy_rain,night,30.2,9.8,F-RANK
B-2,command_center,windy,early_morning,36.7,4.9,F-RANK
B-2,command_center,windy,morning,36.7,17.1,F-RANK
B-2,command_center,windy,afternoon,36.7,24.5,F-RANK
B-2,command_center,windy,evening,36.7,19.6,F-RANK
B-2,command_center,windy,night,36.7,9.8,F-RANK
B-2,command_center,storm,early_morning,21.6,4.9,F-RANK
B-2,command_center,storm,morning,21.6,17.1,F-RANK
B-2,command_center,storm,afternoon,21.6,24.5,F-RANK
B-2,command_center,storm,evening,21.6,19.6,F-RANK
B-2,command_center,storm,night,21.6,9.8,F-RANK
B-2,command_center,fog,early_morning,25.9,4.9,F-RANK
B-2,command_center,fog,morning,25.9,17.1,F-RANK
B-2,command_center,fog,afternoon,25.9,24.5,F-RANK
B-2,command_center,fog,evening,25.9,19.6,F-RANK
B-2,command_center,fog,night,25.9,9.8,F-RANK
B-2,warehouse,clear,early_morning,74.5,7.7,C-RANK
B-2,warehouse,clear,morning,74.5,26.9,C-RANK
B-2,warehouse,clear,afternoon,74.5,38.5,C-RANK
B-2,warehouse,clear,evening,74.5,30.8,C-RANK
B-2,warehouse,clear,night,74.5,15.4,C-RANK
B-2,warehouse,light_rain,early_morning,67.0,7.7,C-RANK
B-2,warehouse,light_rain,morning,67.0,26.9,C-RANK
B-2,warehouse,light_rain,afternoon,67.0,38.5,C-RANK
B-2,warehouse,light_rain,evening,67.0,30.8,C-RANK
B-2,warehouse,light_rain,night,67.0,15.4,C-RANK
B-2,warehouse,heavy_rain,early_morning,52.1,7.7,D-RANK
B-2,warehouse,heavy_rain,morning,52.1,26.9,D-RANK
B-2,warehouse,heavy_rain,afternoon,52.1,38.5,D-RANK
B-2,warehouse,heavy_rain,evening,52.1,30.8,D-RANK
B-2,warehouse,heavy_rain,night,52.1,15.4,D-RANK
B-2,warehouse,windy,early_morning,63.3,7.7,C-RANK
B-2,warehouse,windy,morning,63.3,26.9,C-RANK
B-2,warehouse,windy,afternoon,63.3,38.5,C-RANK
B-2,warehouse,windy,evening,63.3,30.8,C-RANK
B-2,warehouse,windy,night,63.3,15.4,C-RANK
B-2,warehouse,storm,early_morning,37.2,7.7,F-RANK
B-2,warehouse,storm,morning,37.2,26.9,F-RANK
B-2,warehouse,storm,afternoon,37.2,38.5,F-RANK
B-2,warehouse,storm,evening,37.2,30.8,F-RANK
B-2,warehouse,storm,night,37.2,15.4,F-RANK
B-2,warehouse,fog,early_morning,44.7,7.7,D-RANK
B-2,warehouse,fog,morning,44.7,26.9,D-RANK
B-2,warehouse,fog,afternoon,44.7,38.5,D-RANK
B-2,warehouse,fog,evening,44.7,30.8,D-RANK
B-2,warehouse,fog,night,44.7,15.4,D-RANK
A-10,wooden_house,clear,early_morning,69.0,15.0,C-RANK
A-10,wooden_house,clear,morning,69.0,52.5,C-RANK
A-10,wooden_house,clear,afternoon,69.0,75.0,D-RANK
A-10,wooden_house,clear,evening,69.0,60.0,C-RANK
A-10,wooden_house,clear,night,69.0,30.0,C-RANK
A-10,wooden_house,light_rain,early_morning,62.1,15.0,C-RANK
A-10,wooden_house,light_rain,morning,62.1,52.5,C-RANK
A-10,wooden_house,light_rain,afternoon,62.1,75.0,D-RANK
A-10,wooden_house,light_rain,evening,62.1,60.0,C-RANK
A-10,wooden_house,light_rain,night,62.1,30.0,C-RANK
A-10,wooden_house,heavy_rain,early_morning,48.3,15.0,D-RANK
A-10,wooden_house,heavy_rain,morning,48.3,52.5,D-RANK
A-10,wooden_house,heavy_rain,afternoon,48.3,75.0,D-RANK
A-10,wooden_house,heavy_rain,evening,48.3,60.0,D-RANK
A-10,wooden_house,heavy_rain,night,48.3,30.0,D-RANK
A-10,wooden_house,windy,early_morning,58.7,15.0,D-RANK
A-10,wooden_house,windy,morning,58.7,52.5,D-RANK
A-10,wooden_house,windy,afternoon,58.7,75.0,D-RANK
A-10,wooden_house,windy,evening,58.7,60.0,D-RANK
A-10,wooden_house,windy,night,58.7,30.0,D-RANK
A-10,wooden_house,storm,early_morning,34.5,15.0,F-RANK
A-10,wooden_house,storm,morning,34.5,52.5,F-RANK
A-10,wooden_house,storm,afternoon,34.5,75.0,F-RANK
A-10,wooden_house,storm,evening,34.5,60.0,F-RANK
A-10,wooden_house,storm,night,34.5,30.0,F-RANK
A-10,wooden_house,fog,early_morning,41.4,15.0,D-RANK
A-10,wooden_house,fog,morning,41.4,52.5,D-RANK
A-10,wooden_house,fog,afternoon,41.4,75.0,D-RANK
A-10,wooden_house,fog,evening,41.4,60.0,D-RANK
A-10,wooden_house,fog,night,41.4,30.0,D-RANK
A-10,concrete_bunker,clear,early_morning,27.0,3.0,F-RANK
A-10,concrete_bunker,clear,morning,27.0,10.5,F-RANK
A-10,concrete_bunker,clear,afternoon,27.0,15.0,F-RANK
A-10,concrete_bunker,clear,evening,27.0,12.0,F-RANK
A-10,concrete_bunker,clear,night,27.0,6.0,F-RANK
A-10,concrete_bunker,light_rain,early_morning,24.3,3.0,F-RANK
A-10,concrete_bunker,light_rain,morning,24.3,10.5,F-RANK
A-10,concrete_bunker,light_rain,afternoon,24.3,15.0,F-RANK
A-10,concrete_bunker,light_rain,evening,24.3,12.0,F-RANK
A-10,concrete_bunker,light_rain,night,24.3,6.0,F-RANK
A-10,concrete_bunker,heavy_rain,early_morning,18.9,3.0,F-RANK
A-10,concrete_bunker,heavy_rain,morning,18.9,10.5,F-RANK
A-10,concrete_bunker,heavy_rain,afternoon,18.9,15.0,F-RANK
A-10,concrete_bunker,heavy_rain,evening,18.9,12.0,F-RANK
A-10,concrete_bunker,heavy_rain,night,18.9,6.0,F-RANK
A-10,concrete_bunker,windy,early_morning,22.9,3.0,F-RANK
A-10,concrete_bunker,windy,morning,22.9,10.5,F-RANK
A-10,concrete_bunker,windy,afternoon,22.9,15.0,F-RANK
A-10,concrete_bunker,windy,evening,22.9,12.0,F-RANK
A-10,concrete_bunker,windy,night,22.9,6.0,F-RANK
A-10,concrete_bunker,storm,early_morning,13.5,3.0,F-RANK
A-10,concrete_bunker,storm,morning,13.5,10.5,F-RANK
A-10,concrete_bunker,storm,afternoon,13.5,15.0,F-RANK
A-10,concrete_bunker,storm,evening,13.5,12.0,F-RANK
A-10,concrete_bunker,storm,night,13.5,6.0,F-RANK
A-10,concrete_bunker,fog,early_morning,16.2,3.0,F-RANK
A-10,concrete_bunker,fog,morning,16.2,10.5,F-RANK
A-10,concrete_bunker,fog,afternoon,16.2,15.0,F-RANK
A-10,concrete_bunker,fog,evening,16.2,12.0,F-RANK
A-10,concrete_bunker,fog,night,16.2,6.0,F-RANK
A-10,nuclear_facility,clear,early_morning,22.5,15.0,F-RANK
A-10,nuclear_facility,clear,morning,22.5,52.5,F-RANK
A-10,nuclear_facility,clear,afternoon,22.5,75.0,F-RANK
A-10,nuclear_facility,clear,evening,22.5,60.0,F-RANK
A-10,nuclear_facility,clear,night,22.5,30.0,F-RANK
A-10,nuclear_facility,light_rain,early_morning,20.2,15.0,F-RANK
A-10,nuclear_facility,light_rain,morning,20.2,52.5,F-RANK
A-10,nuclear_facility,light_rain,afternoon,20.2,75.0,F-RANK
A-10,nuclear_facility,light_rain,evening,20.2,60.0,F-RANK
A-10,nuclear_facility,light_rain,night,20.2,30.0,F-RANK
A-10,nuclear_facility,heavy_rain,early_morning,15.8,15.0,F-RANK
A-10,nuclear_facility,heavy_rain,morning,15.8,52.5,F-RANK
A-10,nuclear_facility,heavy_rain,afternoon,15.8,75.0,F-RANK
A-10,nuclear_facility,heavy_rain,evening,15.8,60.0,F-RANK
A-10,nuclear_facility,heavy_rain,night,15.8,30.0,F-RANK
A-10,nuclear_facility,windy,early_morning,19.1,15.0,F-RANK
A-10,nuclear_facility,windy,morning,19.1,52.5,F-RANK
A-10,nuclear_facility,windy,afternoon,19.1,75.0,F-RANK
A-10,nuclear_facility,windy,evening,19.1,60.0,F-RANK
A-10,nuclear_facility,windy,night,19.1,30.0,F-RANK
A-10,nuclear_facility,storm,early_morning,11.2,15.0,F-RANK
A-10,nuclear_facility,storm,morning,11.2,52.5,F-RANK
A-10,nuclear_facility,storm,afternoon,11.2,75.0,F-RANK
A-10,nuclear_facility,storm,evening,11.2,60.0,F-RANK
A-10,nuclear_facility,storm,night,11.2,30.0,F-RANK
A-10,nuclear_facility,fog,early_morning,13.5,15.0,F-RANK
A-10,nuclear_facility,fog,morning,13.5,52.5,F-RANK
A-10,nuclear_facility,fog,afternoon,13.5,75.0,F-RANK
A-10,nuclear_facility,fog,evening,13.5,60.0,F-RANK
A-10,nuclear_facility,fog,night,13.5,30.0,F-RANK
A-10,military_base,clear,early_morning,39.0,7.0,F-RANK
A-10,military_base,clear,morning,39.0,24.5,F-RANK
A-10,military_base,clear,afternoon,39.0,35.0,F-RANK
A-10,military_base,clear,evening,39.0,28.0,F-RANK
A-10,military_base,clear,night,39.0,14.0,F-RANK
A-10,military_base,light_rain,early_morning,35.1,7.0,F-RANK
A-10,military_base,light_rain,morning,35.1,24.5,F-RANK
A-10,military_base,light_rain,afternoon,35.1,35.0,F-RANK
A-10,military_base,light_rain,evening,35.1,28.0,F-RANK
A-10,military_base,light_rain,night,35.1,14.0,F-RANK
A-10,military_base,heavy_rain,early_morning,27.3,7.0,F-RANK
A-10,military_base,heavy_rain,morning,27.3,24.5,F-RANK
A-10,military_base,heavy_rain,afternoon,27.3,35.0,F-RANK
A-10,military_base,heavy_rain,evening,27.3,28.0,F-RANK
A-10,military_base,heavy_rain,night,27.3,14.0,F-RANK
A-10,military_base,windy,early_morning,33.1,7.0,F-RANK
A-10,military_base,windy,morning,33.1,24.5,F-RANK
A-10,military_base,windy,afternoon,33.1,35.0,F-RANK
A-10,military_base,windy,evening,33.1,28.0,F-RANK
A-10,military_base,windy,night,33.1,14.0,F-RANK
A-10,military_base,storm,early_morning,19.5,7.0,F-RANK
A-10,military_base,storm,morning,19.5,24.5,F-RANK
A-10,military_base,storm,afternoon,19.5,35.0,F-RANK
A-10,military_base,storm,evening,19.5,28.0,F-RANK
A-10,military_base,storm,night,19.5,14.0,F-RANK
A-10,military_base,fog,early_morning,23.4,7.0,F-RANK
A-10,military_base,fog,morning,23.4,24.5,F-RANK
A-10,military_base,fog,afternoon,23.4,35.0,F-RANK
A-10,military_base,fog,evening,23.4,28.0,F-RANK
A-10,military_base,fog,night,23.4,14.0,F-RANK
A-10,bridge,clear,early_morning,51.0,3.0,D-RANK
A-10,bridge,clear,morning,51.0,10.5,D-RANK
A-10,bridge,clear,afternoon,51.0,15.0,D-RANK
A-10,bridge,clear,evening,51.0,12.0,D-RANK
A-10,bridge,clear,night,51.0,6.0,D-RANK
A-10,bridge,light_rain,early_morning,45.9,3.0,D-RANK
A-10,bridge,light_rain,morning,45.9,10.5,D-RANK
A-10,bridge,light_rain,afternoon,45.9,15.0,D-RANK
A-10,bridge,light_rain,evening,45.9,12.0,D-RANK
A-10,bridge,light_rain,night,45.9,6.0,D-RANK
A-10,bridge,heavy_rain,early_morning,35.7,3.0,F-RANK
A-10,bridge,heavy_rain,morning,35.7,10.5,F-RANK
A-10,bridge,heavy_rain,afternoon,35.7,15.0,F-RANK
A-10,bridge,heavy_rain,evening,35.7,12.0,F-RANK
A-10,bridge,heavy_rain,night,35.7,6.0,F-RANK
A-10,bridge,windy,early_morning,43.3,3.0,D-RANK
A-10,bridge,windy,morning,43.3,10.5,D-RANK
A-10,bridge,windy,afternoon,43.3,15.0,D-RANK
A-10,bridge,windy,evening,43.3,12.0,D-RANK
A-10,bridge,windy,night,43.3,6.0,D-RANK
A-10,bridge,storm,early_morning,25.5,3.0,F-RANK
A-10,bridge,storm,morning,25.5,10.5,F-RANK
A-10,bridge,storm,afternoon,25.5,15.0,F-RANK
A-10,bridge,storm,evening,25.5,12.0,F-RANK
A-10,bridge,storm,night,25.5,6.0,F-RANK
A-10,bridge,fog,early_morning,30.6,3.0,F-RANK
A-10,bridge,fog,morning,30.6,10.5,F-RANK
A-10,bridge,fog,afternoon,30.6,15.0,F-RANK
A-10,bridge,fog,evening,30.6,12.0,F-RANK
A-10,bridge,fog,night,30.6,6.0,F-RANK
A-10,command_center,clear,early_morning,33.0,7.0,F-RANK
A-10,command_center,clear,morning,33.0,24.5,F-RANK
A-10,command_center,clear,afternoon,33.0,35.0,F-RANK
A-10,command_center,clear,evening,33.0,28.0,F-RANK
A-10,command_center,clear,night,33.0,14.0,F-RANK
A-10,command_center,light_rain,early_morning,29.7,7.0,F-RANK
A-10,command_center,light_rain,morning,29.7,24.5,F-RANK
A-10,command_center,light_rain,afternoon,29.7,35.0,F-RANK
A-10,command_center,light_rain,evening,29.7,28.0,F-RANK
A-10,command_center,light_rain,night,29.7,14.0,F-RANK
A-10,command_center,heavy_rain,early_morning,23.1,7.0,F-RANK
A-10,command_center,heavy_rain,morning,23.1,24.5,F-RANK
A-10,command_center,heavy_rain,afternoon,23.1,35.0,F-RANK
A-10,command_center,heavy_rain,evening,23.1,28.0,F-RANK
A-10,command_center,heavy_rain,night,23.1,14.0,F-RANK
A-10,command_center,windy,early_morning,28.0,7.0,F-RANK
A-10,command_center,windy,morning,28.0,24.5,F-RANK
A-10,command_center,windy,afternoon,28.0,35.0,F-RANK
A-10,command_center,windy,evening,28.0,28.0,F-RANK
A-10,command_center,windy,night,28.0,14.0,F-RANK
A-10,command_center,storm,early_morning,16.5,7.0,F-RANK
A-10,command_center,storm,morning,16.5,24.5,F-RANK
A-10,command_center,storm,afternoon,16.5,35.0,F-RANK
A-10,command_center,storm,evening,16.5,28.0,F-RANK
A-10,command_center,storm,night,16.5,14.0,F-RANK
A-10,command_center,fog,early_morning,19.8,7.0,F-RANK
A-10,command_center,fog,morning,19.8,24.5,F-RANK
A-10,command_center,fog,afternoon,19.8,35.0,F-RANK
A-10,command_center,fog,evening,19.8,28.0,F-RANK
A-10,command_center,fog,night,19.8,14.0,F-RANK
A-10,warehouse,clear,early_morning,57.0,11.0,D-RANK
A-10,warehouse,clear,morning,57.0,38.5,D-RANK
A-10,warehouse,clear,afternoon,57.0,55.0,D-RANK
A-10,warehouse,clear,evening,57.0,44.0,D-RANK
A-10,warehouse,clear,night,57.0,22.0,D-RANK
A-10,warehouse,light_rain,early_morning,51.3,11.0,D-RANK
A-10,warehouse,light_rain,morning,51.3,38.5,D-RANK
A-10,warehouse,light_rain,afternoon,51.3,55.0,D-RANK
A-10,warehouse,light_rain,evening,51.3,44.0,D-RANK
A-10,warehouse,light_rain,night,51.3,22.0,D-RANK
A-10,warehouse,heavy_rain,early_morning,39.9,11.0,F-RANK
A-10,warehouse,heavy_rain,morning,39.9,38.5,F-RANK
A-10,warehouse,heavy_rain,afternoon,39.9,55.0,F-RANK
A-10,warehouse,heavy_rain,evening,39.9,44.0,F-RANK
A-10,warehouse,heavy_rain,night,39.9,22.0,F-RANK
A-10,warehouse,windy,early_morning,48.5,11.0,D-RANK
A-10,warehouse,windy,morning,48.5,38.5,D-RANK
A-10,warehouse,windy,afternoon,48.5,55.0,D-RANK
A-10,warehouse,windy,evening,48.5,44.0,D-RANK
A-10,warehouse,windy,night,48.5,22.0,D-RANK
A-10,warehouse,storm,early_morning,28.5,11.0,F-RANK
A-10,warehouse,storm,morning,28.5,38.5,F-RANK
A-10,warehouse,storm,afternoon,28.5,55.0,F-RANK
A-10,warehouse,storm,evening,28.5,44.0,F-RANK
A-10,warehouse,storm,night,28.5,22.0,F-RANK
A-10,warehouse,fog,early_morning,34.2,11.0,F-RANK
A-10,warehouse,fog,morning,34.2,38.5,F-RANK
A-10,warehouse,fog,afternoon,34.2,55.0,F-RANK
A-10,warehouse,fog,evening,34.2,44.0,F-RANK
A-10,warehouse,fog,night,34.2,22.0,F-RANK
AC-130,wooden_house,clear,early_morning,81.0,15.0,B-RANK
AC-130,wooden_house,clear,morning,81.0,52.5,C-RANK
AC-130,wooden_house,clear,afternoon,81.0,75.0,D-RANK
AC-130,wooden_house,clear,evening,81.0,60.0,C-RANK
AC-130,wooden_house,clear,night,81.0,30.0,B-RANK
AC-130,wooden_house,light_rain,early_morning,72.9,15.0,C-RANK
AC-130,wooden_house,light_rain,morning,72.9,52.5,C-RANK
AC-130,wooden_house,light_rain,afternoon,72.9,75.0,D-RANK
AC-130,wooden_house,light_rain,evening,72.9,60.0,C-RANK
AC-130,wooden_house,light_rain,night,72.9,30.0,C-RANK
AC-130,wooden_house,heavy_rain,early_morning,56.7,15.0,D-RANK
AC-130,wooden_house,heavy_rain,morning,56.7,52.5,D-RANK
AC-130,wooden_house,heavy_rain,afternoon,56.7,75.0,D-RANK
AC-130,wooden_house,heavy_rain,evening,56.7,60.0,D-RANK
AC-130,wooden_house,heavy_rain,night,56.7,30.0,D-RANK
AC-130,wooden_house,windy,early_morning,68.8,15.0,C-RANK
AC-130,wooden_house,windy,morning,68.8,52.5,C-RANK
AC-130,wooden_house,windy,afternoon,68.8,75.0,D-RANK
AC-130,wooden_house,windy,evening,68.8,60.0,C-RANK
AC-130,wooden_house,windy,night,68.8,30.0,C-RANK
AC-130,wooden_house,storm,early_morning,40.5,15.0,D-RANK
AC-130,wooden_house,storm,morning,40.5,52.5,D-RANK
AC-130,wooden_house,storm,afternoon,40.5,75.0,D-RANK
AC-130,wooden_house,storm,evening,40.5,60.0,D-RANK
AC-130,wooden_house,storm,night,40.5,30.0,D-RANK
AC-130,wooden_house,fog,early_morning,48.6,15.0,D-RANK
AC-130,wooden_house,fog,morning,48.6,52.5,D-RANK
AC-130,wooden_house,fog,afternoon,48.6,75.0,D-RANK
AC-130,wooden_house,fog,evening,48.6,60.0,D-RANK
AC-130,wooden_house,fog,night,48.6,30.0,D-RANK
AC-130,concrete_bunker,clear,early_morning,31.7,3.0,F-RANK
AC-130,concrete_bunker,clear,morning,31.7,10.5,F-RANK
AC-130,concrete_bunker,clear,afternoon,31.7,15.0,F-RANK
AC-130,concrete_bunker,clear,evening,31.7,12.0,F-RANK
AC-130,concrete_bunker,clear,night,31.7,6.0,F-RANK
AC-130,concrete_bunker,light_rain,early_morning,28.5,3.0,F-RANK
AC-130,concrete_bunker,light_rain,morning,28.5,10.5,F-RANK
AC-130,concrete_bunker,light_rain,afternoon,28.5,15.0,F-RANK
AC-130,concrete_bunker,light_rain,evening,28.5,12.0,F-RANK
AC-130,concrete_bunker,light_rain,night,28.5,6.0,F-RANK
AC-130,concrete_bunker,heavy_rain,early_morning,22.2,3.0,F-RANK
AC-130,concrete_bunker,heavy_rain,morning,22.2,10.5,F-RANK
AC-130,concrete_bunker,heavy_rain,afternoon,22.2,15.0,F-RANK
AC-130,concrete_bunker,heavy_rain,evening,22.2,12.0,F-RANK
AC-130,concrete_bunker,heavy_rain,night,22.2,6.0,F-RANK
AC-130,concrete_bunker,windy,early_morning,26.9,3.0,F-RANK
AC-130,concrete_bunker,windy,morning,26.9,10.5,F-RANK
AC-130,concrete_bunker,windy,afternoon,26.9,15.0,F-RANK
AC-130,concrete_bunker,windy,evening,26.9,12.0,F-RANK
AC-130,concrete_bunker,windy,night,26.9,6.0,F-RANK
AC-130,concrete_bunker,storm,early_morning,15.8,3.0,F-RANK
AC-130,concrete_bunker,storm,morning,15.8,10.5,F-RANK
AC-130,concrete_bunker,storm,afternoon,15.8,15.0,F-RANK
AC-130,concrete_bunker,storm,evening,15.8,12.0,F-RANK
AC-130,concrete_bunker,storm,night,15.8,6.0,F-RANK
AC-130,concrete_bunker,fog,early_morning,19.0,3.0,F-RANK
AC-130,concrete_bunker,fog,morning,19.0,10.5,F-RANK
AC-130,concrete_bunker,fog,afternoon,19.0,15.0,F-RANK
AC-130,concrete_bunker,fog,evening,19.0,12.0,F-RANK
AC-130,concrete_bunker,fog,night,19.0,6.0,F-RANK
AC-130,nuclear_facility,clear,early_morning,26.4,15.0,F-RANK
AC-130,nuclear_facility,clear,morning,26.4,52.5,F-RANK
AC-130,nuclear_facility,clear,afternoon,26.4,75.0,F-RANK
AC-130,nuclear_facility,clear,evening,26.4,60.0,F-RANK
AC-130,nuclear_facility,clear,night,26.4,30.0,F-RANK
AC-130,nuclear_facility,light_rain,early_morning,23.8,15.0,F-RANK
AC-130,nuclear_facility,light_rain,morning,23.8,52.5,F-RANK
AC-130,nuclear_facility,light_rain,afternoon,23.8,75.0,F-RANK
AC-130,nuclear_facility,light_rain,evening,23.8,60.0,F-RANK
AC-130,nuclear_facility,light_rain,night,23.8,30.0,F-RANK
AC-130,nuclear_facility,heavy_rain,early_morning,18.5,15.0,F-RANK
AC-130,nuclear_facility,heavy_rain,morning,18.5,52.5,F-RANK
AC-130,nuclear_facility,heavy_rain,afternoon,18.5,75.0,F-RANK
AC-130,nuclear_facility,heavy_rain,evening,18.5,60.0,F-RANK
AC-130,nuclear_facility,heavy_rain,night,18.5,30.0,F-RANK
AC-130,nuclear_facility,windy,early_morning,22.4,15.0,F-RANK
AC-130,nuclear_facility,windy,morning,22.4,52.5,F-RANK
AC-130,nuclear_facility,windy,afternoon,22.4,75.0,F-RANK
AC-130,nuclear_facility,windy,evening,22.4,60.0,F-RANK
AC-130,nuclear_facility,windy,night,22.4,30.0,F-RANK
AC-130,nuclear_facility,storm,early_morning,13.2,15.0,F-RANK
AC-130,nuclear_facility,storm,morning,13.2,52.5,F-RANK
AC-130,nuclear_facility,storm,afternoon,13.2,75.0,F-RANK
AC-130,nuclear_facility,storm,evening,13.2,60.0,F-RANK
AC-130,nuclear_facility,storm,night,13.2,30.0,F-RANK
AC-130,nuclear_facility,fog,early_morning,15.8,15.0,F-RANK
AC-130,nuclear_facility,fog,morning,15.8,52.5,F-RANK
AC-130,nuclear_facility,fog,afternoon,15.8,75.0,F-RANK
AC-130,nuclear_facility,fog,evening,15.8,60.0,F-RANK
AC-130,nuclear_facility,fog,night,15.8,30.0,F-RANK
AC-130,military_base,clear,early_morning,45.8,7.0,D-RANK
AC-130,military_base,clear,morning,45.8,24.5,D-RANK
AC-130,military_base,clear,afternoon,45.8,35.0,D-RANK
AC-130,military_base,clear,evening,45.8,28.0,D-RANK
AC-130,military_base,clear,night,45.8,14.0,D-RANK
AC-130,military_base,light_rain,early_morning,41.2,7.0,D-RANK
AC-130,military_base,light_rain,morning,41.2,24.5,D-RANK
AC-130,military_base,light_rain,afternoon,41.2,35.0,D-RANK
AC-130,military_base,light_rain,evening,41.2,28.0,D-RANK
AC-130,military_base,light_rain,night,41.2,14.0,D-RANK
AC-130,military_base,heavy_rain,early_morning,32.0,7.0,F-RANK
AC-130,military_base,heavy_rain,morning,32.0,24.5,F-RANK
AC-130,military_base,heavy_rain,afternoon,32.0,35.0,F-RANK
AC-130,military_base,heavy_rain,evening,32.0,28.0,F-RANK
AC-130,military_base,heavy_rain,night,32.0,14.0,F-RANK
AC-130,military_base,windy,early_morning,38.9,7.0,F-RANK
AC-130,military_base,windy,morning,38.9,24.5,F-RANK
AC-130,military_base,windy,afternoon,38.9,35.0,F-RANK
AC-130,military_base,windy,evening,38.9,28.0,F-RANK
AC-130,military_base,windy,night,38.9,14.0,F-RANK
AC-130,military_base,storm,early_morning,22.9,7.0,F-RANK
AC-130,military_base,storm,morning,22.9,24.5,F-RANK
AC-130,military_base,storm,afternoon,22.9,35.0,F-RANK
AC-130,military_base,storm,evening,22.9,28.0,F-RANK
AC-130,military_base,storm,night,22.9,14.0,F-RANK
AC-130,military_base,fog,early_morning,27.5,7.0,F-RANK
AC-130,military_base,fog,morning,27.5,24.5,F-RANK
AC-130,military_base,fog,afternoon,27.5,35.0,F-RANK
AC-130,military_base,fog,evening,27.5,28.0,F-RANK
AC-130,military_base,fog,night,27.5,14.0,F-RANK
AC-130,bridge,clear,early_morning,59.8,3.0,D-RANK
AC-130,bridge,clear,morning,59.8,10.5,D-RANK
AC-130,bridge,clear,afternoon,59.8,15.0,D-RANK
AC-130,bridge,clear,evening,59.8,12.0,D-RANK
AC-130,bridge,clear,night,59.8,6.0,D-RANK
AC-130,bridge,light_rain,early_morning,53.9,3.0,D-RANK
AC-130,bridge,light_rain,morning,53.9,10.5,D-RANK
AC-130,bridge,light_rain,afternoon,53.9,15.0,D-RANK
AC-130,bridge,light_rain,evening,53.9,12.0,D-RANK
AC-130,bridge,light_rain,night,53.9,6.0,D-RANK
AC-130,bridge,heavy_rain,early_morning,41.9,3.0,D-RANK
AC-130,bridge,heavy_rain,morning,41.9,10.5,D-RANK
AC-130,bridge,heavy_rain,afternoon,41.9,15.0,D-RANK
AC-130,bridge,heavy_rain,evening,41.9,12.0,D-RANK
AC-130,bridge,heavy_rain,night,41.9,6.0,D-RANK
AC-130,bridge,windy,early_morning,50.9,3.0,D-RANK
AC-130,bridge,windy,morning,50.9,10.5,D-RANK
AC-130,bridge,windy,afternoon,50.9,15.0,D-RANK
AC-130,bridge,windy,evening,50.9,12.0,D-RANK
AC-130,bridge,windy,night,50.9,6.0,D-RANK
AC-130,bridge,storm,early_morning,29.9,3.0,F-RANK
AC-130,bridge,storm,morning,29.9,10.5,F-RANK
AC-130,bridge,storm,afternoon,29.9,15.0,F-RANK
AC-130,bridge,storm,evening,29.9,12.0,F-RANK
AC-130,bridge,storm,night,29.9,6.0,F-RANK
AC-130,bridge,fog,early_morning,35.9,3.0,F-RANK
AC-130,bridge,fog,morning,35.9,10.5,F-RANK
AC-130,bridge,fog,afternoon,35.9,15.0,F-RANK
AC-130,bridge,fog,evening,35.9,12.0,F-RANK
AC-130,bridge,fog,night,35.9,6.0,F-RANK
AC-130,command_center,clear,early_morning,38.7,7.0,F-RANK
AC-130,command_center,clear,morning,38.7,24.5,F-RANK
AC-130,command_center,clear,afternoon,38.7,35.0,F-RANK
AC-130,command_center,clear,evening,38.7,28.0,F-RANK
AC-130,command_center,clear,night,38.7,14.0,F-RANK
AC-130,command_center,light_rain,early_morning,34.8,7.0,F-RANK
AC-130,command_center,light_rain,morning,34.8,24.5,F-RANK
AC-130,command_center,light_rain,afternoon,34.8,35.0,F-RANK
AC-130,command_center,light_rain,evening,34.8,28.0,F-RANK
AC-130,command_center,light_rain,night,34.8,14.0,F-RANK
AC-130,command_center,heavy_rain,early_morning,27.1,7.0,F-RANK
AC-130,command_center,heavy_rain,morning,27.1,24.5,F-RANK
AC-130,command_center,heavy_rain,afternoon,27.1,35.0,F-RANK
AC-130,command_center,heavy_rain,evening,27.1,28.0,F-RANK
AC-130,command_center,heavy_rain,night,27.1,14.0,F-RANK
AC-130,command_center,windy,early_morning,32.9,7.0,F-RANK
AC-130,command_center,windy,morning,32.9,24.5,F-RANK
AC-130,command_center,windy,afternoon,32.9,35.0,F-RANK
AC-130,command_center,windy,evening,32.9,28.0,F-RANK
AC-130,command_center,windy,night,32.9,14.0,F-RANK
AC-130,command_center,storm,early_morning,19.4,7.0,F-RANK
AC-130,command_center,storm,morning,19.4,24.5,F-RANK
AC-130,command_center,storm,afternoon,19.4,35.0,F-RANK
AC-130,command_center,storm,evening,19.4,28.0,F-RANK
AC-130,command_center,storm,night,19.4,14.0,F-RANK
AC-130,command_center,fog,early_morning,23.2,7.0,F-RANK
AC-130,command_center,fog,morning,23.2,24.5,F-RANK
AC-130,command_center,fog,afternoon,23.2,35.0,F-RANK
AC-130,command_center,fog,evening,23.2,28.0,F-RANK
AC-130,command_center,fog,night,23.2,14.0,F-RANK
AC-130,warehouse,clear,early_morning,66.9,11.0,C-RANK
AC-130,warehouse,clear,morning,66.9,38.5,C-RANK
AC-130,warehouse,clear,afternoon,66.9,55.0,C-RANK
AC-130,warehouse,clear,evening,66.9,44.0,C-RANK
AC-130,warehouse,clear,night,66.9,22.0,C-RANK
AC-130,warehouse,light_rain,early_morning,60.2,11.0,C-RANK
AC-130,warehouse,light_rain,morning,60.2,38.5,C-RANK
AC-130,warehouse,light_rain,afternoon,60.2,55.0,C-RANK
AC-130,warehouse,light_rain,evening,60.2,44.0,C-RANK
AC-130,warehouse,light_rain,night,60.2,22.0,C-RANK
AC-130,warehouse,heavy_rain,early_morning,46.8,11.0,D-RANK
AC-130,warehouse,heavy_rain,morning,46.8,38.5,D-RANK
AC-130,warehouse,heavy_rain,afternoon,46.8,55.0,D-RANK
AC-130,warehouse,heavy_rain,evening,46.8,44.0,D-RANK
AC-130,warehouse,heavy_rain,night,46.8,22.0,D-RANK
AC-130,warehouse,windy,early_morning,56.8,11.0,D-RANK
AC-130,warehouse,windy,morning,56.8,38.5,D-RANK
AC-130,warehouse,windy,afternoon,56.8,55.0,D-RANK
AC-130,warehouse,windy,evening,56.8,44.0,D-RANK
AC-130,warehouse,windy,night,56.8,22.0,D-RANK
AC-130,warehouse,storm,early_morning,33.4,11.0,F-RANK
AC-130,warehouse,storm,morning,33.4,38.5,F-RANK
AC-130,warehouse,storm,afternoon,33.4,55.0,F-RANK
AC-130,warehouse,storm,evening,33.4,44.0,F-RANK
AC-130,warehouse,storm,night,33.4,22.0,F-RANK
AC-130,warehouse,fog,early_morning,40.1,11.0,D-RANK
AC-130,warehouse,fog,morning,40.1,38.5,D-RANK
AC-130,warehouse,fog,afternoon,40.1,55.0,D-RANK
AC-130,warehouse,fog,evening,40.1,44.0,D-RANK
AC-130,warehouse,fog,night,40.1,22.0,D-RANK
Su-57,wooden_house,clear,early_morning,82.8,10.5,B-RANK
Su-57,wooden_house,clear,morning,82.8,36.8,B-RANK
Su-57,wooden_house,clear,afternoon,82.8,52.5,C-RANK
Su-57,wooden_house,clear,evening,82.8,42.0,C-RANK
Su-57,wooden_house,clear,night,82.8,21.0,B-RANK
Su-57,wooden_house,light_rain,early_morning,74.5,10.5,C-RANK
Su-57,wooden_house,light_rain,morning,74.5,36.8,C-RANK
Su-57,wooden_house,light_rain,afternoon,74.5,52.5,C-RANK
Su-57,wooden_house,light_rain,evening,74.5,42.0,C-RANK
Su-57,wooden_house,light_rain,night,74.5,21.0,C-RANK
Su-57,wooden_house,heavy_rain,early_morning,58.0,10.5,D-RANK
Su-57,wooden_house,heavy_rain,morning,58.0,36.8,D-RANK
Su-57,wooden_house,heavy_rain,afternoon,58.0,52.5,D-RANK
Su-57,wooden_house,heavy_rain,evening,58.0,42.0,D-RANK
Su-57,wooden_house,heavy_rain,night,58.0,21.0,D-RANK
Su-57,wooden_house,windy,early_morning,70.4,10.5,C-RANK
Su-57,wooden_house,windy,morning,70.4,36.8,C-RANK
Su-57,wooden_house,windy,afternoon,70.4,52.5,C-RANK
Su-57,wooden_house,windy,evening,70.4,42.0,C-RANK
Su-57,wooden_house,windy,night,70.4,21.0,C-RANK
Su-57,wooden_house,storm,early_morning,41.4,10.5,D-RANK
Su-57,wooden_house,storm,morning,41.4,36.8,D-RANK
Su-57,wooden_house,storm,afternoon,41.4,52.5,D-RANK
Su-57,wooden_house,storm,evening,41.4,42.0,D-RANK
Su-57,wooden_house,storm,night,41.4,21.0,D-RANK
Su-57,wooden_house,fog,early_morning,49.7,10.5,D-RANK
Su-57,wooden_house,fog,morning,49.7,36.8,D-RANK
Su-57,wooden_house,fog,afternoon,49.7,52.5,D-RANK
Su-57,wooden_house,fog,evening,49.7,42.0,D-RANK
Su-57,wooden_house,fog,night,49.7,21.0,D-RANK
Su-57,concrete_bunker,clear,early_morning,32.4,2.1,F-RANK
Su-57,concrete_bunker,clear,morning,32.4,7.3,F-RANK
Su-57,concrete_bunker,clear,afternoon,32.4,10.5,F-RANK
Su-57,concrete_bunker,clear,evening,32.4,8.4,F-RANK
Su-57,concrete_bunker,clear,night,32.4,4.2,F-RANK
Su-57,concrete_bunker,light_rain,early_morning,29.2,2.1,F-RANK
Su-57,concrete_bunker,light_rain,morning,29.2,7.3,F-RANK
Su-57,concrete_bunker,light_rain,afternoon,29.2,10.5,F-RANK
Su-57,concrete_bunker,light_rain,evening,29.2,8.4,F-RANK
Su-57,concrete_bunker,light_rain,night,29.2,4.2,F-RANK
Su-57,concrete_bunker,heavy_rain,early_morning,22.7,2.1,F-RANK
Su-57,concrete_bunker,heavy_rain,morning,22.7,7.3,F-RANK
Su-57,concrete_bunker,heavy_rain,afternoon,22.7,10.5,F-RANK
Su-57,concrete_bunker,heavy_rain,evening,22.7,8.4,F-RANK
Su-57,concrete_bunker,heavy_rain,night,22.7,4.2,F-RANK
Su-57,concrete_bunker,windy,early_morning,27.5,2.1,F-RANK
Su-57,concrete_bunker,windy,morning,27.5,7.3,F-RANK
Su-57,concrete_bunker,windy,afternoon,27.5,10.5,F-RANK
Su-57,concrete_bunker,windy,evening,27.5,8.4,F-RANK
Su-57,concrete_bunker,windy,night,27.5,4.2,F-RANK
Su-57,concrete_bunker,storm,early_morning,16.2,2.1,F-RANK
Su-57,concrete_bunker,storm,morning,16.2,7.3,F-RANK
Su-57,concrete_bunker,storm,afternoon,16.2,10.5,F-RANK
Su-57,concrete_bunker,storm,evening,16.2,8.4,F-RANK
Su-57,concrete_bunker,storm,night,16.2,4.2,F-RANK
Su-57,concrete_bunker,fog,early_morning,19.4,2.1,F-RANK
Su-57,concrete_bunker,fog,morning,19.4,7.3,F-RANK
Su-57,concrete_bunker,fog,afternoon,19.4,10.5,F-RANK
Su-57,concrete_bunker,fog,evening,19.4,8.4,F-RANK
Su-57,concrete_bunker,fog,night,19.4,4.2,F-RANK
Su-57,nuclear_facility,clear,early_morning,27.0,10.5,F-RANK
Su-57,nuclear_facility,clear,morning,27.0,36.8,F-RANK
Su-57,nuclear_facility,clear,afternoon,27.0,52.5,F-RANK
Su-57,nuclear_facility,clear,evening,27.0,42.0,F-RANK
Su-57,nuclear_facility,clear,night,27.0,21.0,F-RANK
Su-57,nuclear_facility,light_rain,early_morning,24.3,10.5,F-RANK
Su-57,nuclear_facility,light_rain,morning,24.3,36.8,F-RANK
Su-57,nuclear_facility,light_rain,afternoon,24.3,52.5,F-RANK
Su-57,nuclear_facility,light_rain,evening,24.3,42.0,F-RANK
Su-57,nuclear_facility,light_rain,night,24.3,21.0,F-RANK
Su-57,nuclear_facility,heavy_rain,early_morning,18.9,10.5,F-RANK
Su-57,nuclear_facility,heavy_rain,morning,18.9,36.8,F-RANK
Su-57,nuclear_facility,heavy_rain,afternoon,18.9,52.5,F-RANK
Su-57,nuclear_facility,heavy_rain,evening,18.9,42.0,F-RANK
Su-57,nuclear_facility,heavy_rain,night,18.9,21.0,F-RANK
Su-57,nuclear_facility,windy,early_morning,22.9,10.5,F-RANK
Su-57,nuclear_facility,windy,morning,22.9,36.8,F-RANK
Su-57,nuclear_facility,windy,afternoon,22.9,52.5,F-RANK
Su-57,nuclear_facility,windy,evening,22.9,42.0,F-RANK
Su-57,nuclear_facility,windy,night,22.9,21.0,F-RANK
Su-57,nuclear_facility,storm,early_morning,13.5,10.5,F-RANK
Su-57,nuclear_facility,storm,morning,13.5,36.8,F-RANK
Su-57,nuclear_facility,storm,afternoon,13.5,52.5,F-RANK
Su-57,nuclear_facility,storm,evening,13.5,42.0,F-RANK
Su-57,nuclear_facility,storm,night,13.5,21.0,F-RANK
Su-57,nuclear_facility,fog,early_morning,16.2,10.5,F-RANK
Su-57,nuclear_facility,fog,morning,16.2,36.8,F-RANK
Su-57,nuclear_facility,fog,afternoon,16.2,52.5,F-RANK
Su-57,nuclear_facility,fog,evening,16.2,42.0,F-RANK
Su-57,nuclear_facility,fog,night,16.2,21.0,F-RANK
Su-57,military_base,clear,early_morning,46.8,4.9,D-RANK
Su-57,military_base,clear,morning,46.8,17.1,D-RANK
Su-57,military_base,clear,afternoon,46.8,24.5,D-RANK
Su-57,military_base,clear,evening,46.8,19.6,D-RANK
Su-57,military_base,clear,night,46.8,9.8,D-RANK
Su-57,military_base,light_rain,early_morning,42.1,4.9,D-RANK
Su-57,military_base,light_rain,morning,42.1,17.1,D-RANK
Su-57,military_base,light_rain,afternoon,42.1,24.5,D-RANK
Su-57,military_base,light_rain,evening,42.1,19.6,D-RANK
Su-57,military_base,light_rain,night,42.1,9.8,D-RANK
Su-57,military_base,heavy_rain,early_morning,32.8,4.9,F-RANK
Su-57,military_base,heavy_rain,morning,32.8,17.1,F-RANK
Su-57,military_base,heavy_rain,afternoon,32.8,24.5,F-RANK
Su-57,military_base,heavy_rain,evening,32.8,19.6,F-RANK
Su-57,military_base,heavy_rain,night,32.8,9.8,F-RANK
Su-57,military_base,windy,early_morning,39.8,4.9,F-RANK
Su-57,military_base,windy,morning,39.8,17.1,F-RANK
Su-57,military_base,windy,afternoon,39.8,24.5,F-RANK
Su-57,military_base,windy,evening,39.8,19.6,F-RANK
Su-57,military_base,windy,night,39.8,9.8,F-RANK
Su-57,military_base,storm,early_morning,23.4,4.9,F-RANK
Su-57,military_base,storm,morning,23.4,17.1,F-RANK
Su-57,military_base,storm,afternoon,23.4,24.5,F-RANK
Su-57,military_base,storm,evening,23.4,19.6,F-RANK
Su-57,military_base,storm,night,23.4,9.8,F-RANK
Su-57,military_base,fog,early_morning,28.1,4.9,F-RANK
Su-57,military_base,fog,morning,28.1,17.1,F-RANK
Su-57,military_base,fog,afternoon,28.1,24.5,F-RANK
Su-57,military_base,fog,evening,28.1,19.6,F-RANK
Su-57,military_base,fog,night,28.1,9.8,F-RANK
Su-57,bridge,clear,early_morning,61.2,2.1,C-RANK
Su-57,bridge,clear,morning,61.2,7.3,C-RANK
Su-57,bridge,clear,afternoon,61.2,10.5,C-RANK
Su-57,bridge,clear,evening,61.2,8.4,C-RANK
Su-57,bridge,clear,night,61.2,4.2,C-RANK
Su-57,bridge,light_rain,early_morning,55.1,2.1,D-RANK
Su-57,bridge,light_rain,morning,55.1,7.3,D-RANK
Su-57,bridge,light_rain,afternoon,55.1,10.5,D-RANK
Su-57,bridge,light_rain,evening,55.1,8.4,D-RANK
Su-57,bridge,light_rain,night,55.1,4.2,D-RANK
Su-57,bridge,heavy_rain,early_morning,42.8,2.1,D-RANK
Su-57,bridge,heavy_rain,morning,42.8,7.3,D-RANK
Su-57,bridge,heavy_rain,afternoon,42.8,10.5,D-RANK
Su-57,bridge,heavy_rain,evening,42.8,8.4,D-RANK
Su-57,bridge,heavy_rain,night,42.8,4.2,D-RANK
Su-57,bridge,windy,early_morning,52.0,2.1,D-RANK
Su-57,bridge,windy,morning,52.0,7.3,D-RANK
Su-57,bridge,windy,afternoon,52.0,10.5,D-RANK
Su-57,bridge,windy,evening,52.0,8.4,D-RANK
Su-57,bridge,windy,night,52.0,4.2,D-RANK
Su-57,bridge,storm,early_morning,30.6,2.1,F-RANK
Su-57,bridge,storm,morning,30.6,7.3,F-RANK
Su-57,bridge,storm,afternoon,30.6,10.5,F-RANK
Su-57,bridge,storm,evening,30.6,8.4,F-RANK
Su-57,bridge,storm,night,30.6,4.2,F-RANK
Su-57,bridge,fog,early_morning,36.7,2.1,F-RANK
Su-57,bridge,fog,morning,36.7,7.3,F-RANK
Su-57,bridge,fog,afternoon,36.7,10.5,F-RANK
Su-57,bridge,fog,evening,36.7,8.4,F-RANK
Su-57,bridge,fog,night,36.7,4.2,F-RANK
Su-57,command_center,clear,early_morning,39.6,4.9,F-RANK
Su-57,command_center,clear,morning,39.6,17.1,F-RANK
Su-57,command_center,clear,afternoon,39.6,24.5,F-RANK
Su-57,command_center,clear,evening,39.6,19.6,F-RANK
Su-57,command_center,clear,night,39.6,9.8,F-RANK
Su-57,command_center,light_rain,early_morning,35.6,4.9,F-RANK
Su-57,command_center,light_rain,morning,35.6,17.1,F-RANK
Su-57,command_center,light_rain,afternoon,35.6,24.5,F-RANK
Su-57,command_center,light_rain,evening,35.6,19.6,F-RANK
Su-57,command_center,light_rain,night,35.6,9.8,F-RANK
Su-57,command_center,heavy_rain,early_morning,27.7,4.9,F-RANK
Su-57,command_center,heavy_rain,morning,27.7,17.1,F-RANK
Su-57,command_center,heavy_rain,afternoon,27.7,24.5,F-RANK
Su-57,command_center,heavy_rain,evening,27.7,19.6,F-RANK
Su-57,command_center,heavy_rain,night,27.7,9.8,F-RANK
Su-57,command_center,windy,early_morning,33.7,4.9,F-RANK
Su-57,command_center,windy,morning,33.7,17.1,F-RANK
Su-57,command_center,windy,afternoon,33.7,24.5,F-RANK
Su-57,command_center,windy,evening,33.7,19.6,F-RANK
Su-57,command_center,windy,night,33.7,9.8,F-RANK
Su-57,command_center,storm,early_morning,19.8,4.9,F-RANK
Su-57,command_center,storm,morning,19.8,17.1,F-RANK
Su-57,command_center,storm,afternoon,19.8,24.5,F-RANK
Su-57,command_center,storm,evening,19.8,19.6,F-RANK
Su-57,command_center,storm,night,19.8,9.8,F-RANK
Su-57,command_center,fog,early_morning,23.8,4.9,F-RANK
Su-57,command_center,fog,morning,23.8,17.1,F-RANK
Su-57,command_center,fog,afternoon,23.8,24.5,F-RANK
Su-57,command_center,fog,evening,23.8,19.6,F-RANK
Su-57,command_center,fog,night,23.8,9.8,F-RANK
Su-57,warehouse,clear,early_morning,68.4,7.7,C-RANK
Su-57,warehouse,clear,morning,68.4,26.9,C-RANK
Su-57,warehouse,clear,afternoon,68.4,38.5,C-RANK
Su-57,warehouse,clear,evening,68.4,30.8,C-RANK
Su-57,warehouse,clear,night,68.4,15.4,C-RANK
Su-57,warehouse,light_rain,early_morning,61.6,7.7,C-RANK
Su-57,warehouse,light_rain,morning,61.6,26.9,C-RANK
Su-57,warehouse,light_rain,afternoon,61.6,38.5,C-RANK
Su-57,warehouse,light_rain,evening,61.6,30.8,C-RANK
Su-57,warehouse,light_rain,night,61.6,15.4,C-RANK
Su-57,warehouse,heavy_rain,early_morning,47.9,7.7,D-RANK
Su-57,warehouse,heavy_rain,morning,47.9,26.9,D-RANK
Su-57,warehouse,heavy_rain,afternoon,47.9,38.5,D-RANK
Su-57,warehouse,heavy_rain,evening,47.9,30.8,D-RANK
Su-57,warehouse,heavy_rain,night,47.9,15.4,D-RANK
Su-57,warehouse,windy,early_morning,58.1,7.7,D-RANK
Su-57,warehouse,windy,morning,58.1,26.9,D-RANK
Su-57,warehouse,windy,afternoon,58.1,38.5,D-RANK
Su-57,warehouse,windy,evening,58.1,30.8,D-RANK
Su-57,warehouse,windy,night,58.1,15.4,D-RANK
Su-57,warehouse,storm,early_morning,34.2,7.7,F-RANK
Su-57,warehouse,storm,morning,34.2,26.9,F-RANK
Su-57,warehouse,storm,afternoon,34.2,38.5,F-RANK
Su-57,warehouse,storm,evening,34.2,30.8,F-RANK
Su-57,warehouse,storm,night,34.2,15.4,F-RANK
Su-57,warehouse,fog,early_morning,41.0,7.7,D-RANK
Su-57,warehouse,fog,morning,41.0,26.9,D-RANK
Su-57,warehouse,fog,afternoon,41.0,38.5,D-RANK
Su-57,warehouse,fog,evening,41.0,30.8,D-RANK
Su-57,warehouse,fog,night,41.0,15.4,D-RANK
Eurofighter,wooden_house,clear,early_morning,78.2,15.0,B-RANK
Eurofighter,wooden_house,clear,morning,78.2,52.5,C-RANK
Eurofighter,wooden_house,clear,afternoon,78.2,75.0,D-RANK
Eurofighter,wooden_house,clear,evening,78.2,60.0,C-RANK
Eurofighter,wooden_house,clear,night,78.2,30.0,B-RANK
Eurofighter,wooden_house,light_rain,early_morning,70.4,15.0,C-RANK
Eurofighter,wooden_house,light_rain,morning,70.4,52.5,C-RANK
Eurofighter,wooden_house,light_rain,afternoon,70.4,75.0,D-RANK
Eurofighter,wooden_house,light_rain,evening,70.4,60.0,C-RANK
Eurofighter,wooden_house,light_rain,night,70.4,30.0,C-RANK
Eurofighter,wooden_house,heavy_rain,early_morning,54.7,15.0,D-RANK
Eurofighter,wooden_house,heavy_rain,morning,54.7,52.5,D-RANK
Eurofighter,wooden_house,heavy_rain,afternoon,54.7,75.0,D-RANK
Eurofighter,wooden_house,heavy_rain,evening,54.7,60.0,D-RANK
Eurofighter,wooden_house,heavy_rain,night,54.7,30.0,D-RANK
Eurofighter,wooden_house,windy,early_morning,66.5,15.0,C-RANK
Eurofighter,wooden_house,windy,morning,66.5,52.5,C-RANK
Eurofighter,wooden_house,windy,afternoon,66.5,75.0,D-RANK
Eurofighter,wooden_house,windy,evening,66.5,60.0,C-RANK
Eurofighter,wooden_house,windy,night,66.5,30.0,C-RANK
Eurofighter,wooden_house,storm,early_morning,39.1,15.0,F-RANK
Eurofighter,wooden_house,storm,morning,39.1,52.5,F-RANK
Eurofighter,wooden_house,storm,afternoon,39.1,75.0,F-RANK
Eurofighter,wooden_house,storm,evening,39.1,60.0,F-RANK
Eurofighter,wooden_house,storm,night,39.1,30.0,F-RANK
Eurofighter,wooden_house,fog,early_morning,46.9,15.0,D-RANK
Eurofighter,wooden_house,fog,morning,46.9,52.5,D-RANK
Eurofighter,wooden_house,fog,afternoon,46.9,75.0,D-RANK
Eurofighter,wooden_house,fog,evening,46.9,60.0,D-RANK
Eurofighter,wooden_house,fog,night,46.9,30.0,D-RANK
Eurofighter,concrete_bunker,clear,early_morning,30.6,3.0,F-RANK
Eurofighter,concrete_bunker,clear,morning,30.6,10.5,F-RANK
Eurofighter,concrete_bunker,clear,afternoon,30.6,15.0,F-RANK
Eurofighter,concrete_bunker,clear,evening,30.6,12.0,F-RANK
Eurofighter,concrete_bunker,clear,night,30.6,6.0,F-RANK
Eurofighter,concrete_bunker,light_rain,early_morning,27.5,3.0,F-RANK
Eurofighter,concrete_bunker,light_rain,morning,27.5,10.5,F-RANK
Eurofighter,concrete_bunker,light_rain,afternoon,27.5,15.0,F-RANK
Eurofighter,concrete_bunker,light_rain,evening,27.5,12.0,F-RANK
Eurofighter,concrete_bunker,light_rain,night,27.5,6.0,F-RANK
Eurofighter,concrete_bunker,heavy_rain,early_morning,21.4,3.0,F-RANK
Eurofighter,concrete_bunker,heavy_rain,morning,21.4,10.5,F-RANK
Eurofighter,concrete_bunker,heavy_rain,afternoon,21.4,15.0,F-RANK
Eurofighter,concrete_bunker,heavy_rain,evening,21.4,12.0,F-RANK
Eurofighter,concrete_bunker,heavy_rain,night,21.4,6.0,F-RANK
Eurofighter,concrete_bunker,windy,early_morning,26.0,3.0,F-RANK
Eurofighter,concrete_bunker,windy,morning,26.0,10.5,F-RANK
Eurofighter,concrete_bunker,windy,afternoon,26.0,15.0,F-RANK
Eurofighter,concrete_bunker,windy,evening,26.0,12.0,F-RANK
Eurofighter,concrete_bunker,windy,night,26.0,6.0,F-RANK
Eurofighter,concrete_bunker,storm,early_morning,15.3,3.0,F-RANK
Eurofighter,concrete_bunker,storm,morning,15.3,10.5,F-RANK
Eurofighter,concrete_bunker,storm,afternoon,15.3,15.0,F-RANK
Eurofighter,concrete_bunker,storm,evening,15.3,12.0,F-RANK
Eurofighter,concrete_bunker,storm,night,15.3,6.0,F-RANK
Eurofighter,concrete_bunker,fog,early_morning,18.4,3.0,F-RANK
Eurofighter,concrete_bunker,fog,morning,18.4,10.5,F-RANK
Eurofighter,concrete_bunker,fog,afternoon,18.4,15.0,F-RANK
Eurofighter,concrete_bunker,fog,evening,18.4,12.0,F-RANK
Eurofighter,concrete_bunker,fog,night,18.4,6.0,F-RANK
Eurofighter,nuclear_facility,clear,early_morning,25.5,15.0,F-RANK
Eurofighter,nuclear_facility,clear,morning,25.5,52.5,F-RANK
Eurofighter,nuclear_facility,clear,afternoon,25.5,75.0,F-RANK
Eurofighter,nuclear_facility,clear,evening,25.5,60.0,F-RANK
Eurofighter,nuclear_facility,clear,night,25.5,30.0,F-RANK
Eurofighter,nuclear_facility,light_rain,early_morning,22.9,15.0,F-RANK
Eurofighter,nuclear_facility,light_rain,morning,22.9,52.5,F-RANK
Eurofighter,nuclear_facility,light_rain,afternoon,22.9,75.0,F-RANK
Eurofighter,nuclear_facility,light_rain,evening,22.9,60.0,F-RANK
Eurofighter,nuclear_facility,light_rain,night,22.9,30.0,F-RANK
Eurofighter,nuclear_facility,heavy_rain,early_morning,17.8,15.0,F-RANK
Eurofighter,nuclear_facility,heavy_rain,morning,17.8,52.5,F-RANK
Eurofighter,nuclear_facility,heavy_rain,afternoon,17.8,75.0,F-RANK
Eurofighter,nuclear_facility,heavy_rain,evening,17.8,60.0,F-RANK
Eurofighter,nuclear_facility,heavy_rain,night,17.8,30.0,F-RANK
Eurofighter,nuclear_facility,windy,early_morning,21.7,15.0,F-RANK
Eurofighter,nuclear_facility,windy,morning,21.7,52.5,F-RANK
Eurofighter,nuclear_facility,windy,afternoon,21.7,75.0,F-RANK
Eurofighter,nuclear_facility,windy,evening,21.7,60.0,F-RANK
Eurofighter,nuclear_facility,windy,night,21.7,30.0,F-RANK
Eurofighter,nuclear_facility,storm,early_morning,12.8,15.0,F-RANK
Eurofighter,nuclear_facility,storm,morning,12.8,52.5,F-RANK
Eurofighter,nuclear_facility,storm,afternoon,12.8,75.0,F-RANK
Eurofighter,nuclear_facility,storm,evening,12.8,60.0,F-RANK
Eurofighter,nuclear_facility,storm,night,12.8,30.0,F-RANK
Eurofighter,nuclear_facility,fog,early_morning,15.3,15.0,F-RANK
Eurofighter,nuclear_facility,fog,morning,15.3,52.5,F-RANK
Eurofighter,nuclear_facility,fog,afternoon,15.3,75.0,F-RANK
Eurofighter,nuclear_facility,fog,evening,15.3,60.0,F-RANK
Eurofighter,nuclear_facility,fog,night,15.3,30.0,F-RANK
Eurofighter,military_base,clear,early_morning,44.2,7.0,D-RANK
Eurofighter,military_base,clear,morning,44.2,24.5,D-RANK
Eurofighter,military_base,clear,afternoon,44.2,35.0,D-RANK
Eurofighter,military_base,clear,evening,44.2,28.0,D-RANK
Eurofighter,military_base,clear,night,44.2,14.0,D-RANK
Eurofighter,military_base,light_rain,early_morning,39.8,7.0,F-RANK
Eurofighter,military_base,light_rain,morning,39.8,24.5,F-RANK
Eurofighter,military_base,light_rain,afternoon,39.8,35.0,F-RANK
Eurofighter,military_base,light_rain,evening,39.8,28.0,F-RANK
Eurofighter,military_base,light_rain,night,39.8,14.0,F-RANK
Eurofighter,military_base,heavy_rain,early_morning,30.9,7.0,F-RANK
Eurofighter,military_base,heavy_rain,morning,30.9,24.5,F-RANK
Eurofighter,military_base,heavy_rain,afternoon,30.9,35.0,F-RANK
Eurofighter,military_base,heavy_rain,evening,30.9,28.0,F-RANK
Eurofighter,military_base,heavy_rain,night,30.9,14.0,F-RANK
Eurofighter,military_base,windy,early_morning,37.6,7.0,F-RANK
Eurofighter,military_base,windy,morning,37.6,24.5,F-RANK
Eurofighter,military_base,windy,afternoon,37.6,35.0,F-RANK
Eurofighter,military_base,windy,evening,37.6,28.0,F-RANK
Eurofighter,military_base,windy,night,37.6,14.0,F-RANK
Eurofighter,military_base,storm,early_morning,22.1,7.0,F-RANK
Eurofighter,military_base,storm,morning,22.1,24.5,F-RANK
Eurofighter,military_base,storm,afternoon,22.1,35.0,F-RANK
Eurofighter,military_base,storm,evening,22.1,28.0,F-RANK
Eurofighter,military_base,storm,night,22.1,14.0,F-RANK
Eurofighter,military_base,fog,early_morning,26.5,7.0,F-RANK
Eurofighter,military_base,fog,morning,26.5,24.5,F-RANK
Eurofighter,military_base,fog,afternoon,26.5,35.0,F-RANK
Eurofighter,military_base,fog,evening,26.5,28.0,F-RANK
Eurofighter,military_base,fog,night,26.5,14.0,F-RANK
Eurofighter,bridge,clear,early_morning,57.8,3.0,D-RANK
Eurofighter,bridge,clear,morning,57.8,10.5,D-RANK
Eurofighter,bridge,clear,afternoon,57.8,15.0,D-RANK
Eurofighter,bridge,clear,evening,57.8,12.0,D-RANK
Eurofighter,bridge,clear,night,57.8,6.0,D-RANK
Eurofighter,bridge,light_rain,early_morning,52.0,3.0,D-RANK
Eurofighter,bridge,light_rain,morning,52.0,10.5,D-RANK
Eurofighter,bridge,light_rain,afternoon,52.0,15.0,D-RANK
Eurofighter,bridge,light_rain,evening,52.0,12.0,D-RANK
Eurofighter,bridge,light_rain,night,52.0,6.0,D-RANK
Eurofighter,bridge,heavy_rain,early_morning,40.5,3.0,D-RANK
Eurofighter,bridge,heavy_rain,morning,40.5,10.5,D-RANK
Eurofighter,bridge,heavy_rain,afternoon,40.5,15.0,D-RANK
Eurofighter,bridge,heavy_rain,evening,40.5,12.0,D-RANK
Eurofighter,bridge,heavy_rain,night,40.5,6.0,D-RANK
Eurofighter,bridge,windy,early_morning,49.1,3.0,D-RANK
Eurofighter,bridge,windy,morning,49.1,10.5,D-RANK
Eurofighter,bridge,windy,afternoon,49.1,15.0,D-RANK
Eurofighter,bridge,windy,evening,49.1,12.0,D-RANK
Eurofighter,bridge,windy,night,49.1,6.0,D-RANK
Eurofighter,bridge,storm,early_morning,28.9,3.0,F-RANK
Eurofighter,bridge,storm,morning,28.9,10.5,F-RANK
Eurofighter,bridge,storm,afternoon,28.9,15.0,F-RANK
Eurofighter,bridge,storm,evening,28.9,12.0,F-RANK
Eurofighter,bridge,storm,night,28.9,6.0,F-RANK
Eurofighter,bridge,fog,early_morning,34.7,3.0,F-RANK
Eurofighter,bridge,fog,morning,34.7,10.5,F-RANK
Eurofighter,bridge,fog,afternoon,34.7,15.0,F-RANK
Eurofighter,bridge,fog,evening,34.7,12.0,F-RANK
Eurofighter,bridge,fog,night,34.7,6.0,F-RANK
Eurofighter,command_center,clear,early_morning,37.4,7.0,F-RANK
Eurofighter,command_center,clear,morning,37.4,24.5,F-RANK
Eurofighter,command_center,clear,afternoon,37.4,35.0,F-RANK
Eurofighter,command_center,clear,evening,37.4,28.0,F-RANK
Eurofighter,command_center,clear,night,37.4,14.0,F-RANK
Eurofighter,command_center,light_rain,early_morning,33.7,7.0,F-RANK
Eurofighter,command_center,light_rain,morning,33.7,24.5,F-RANK
Eurofighter,command_center,light_rain,afternoon,33.7,35.0,F-RANK
Eurofighter,command_center,light_rain,evening,33.7,28.0,F-RANK
Eurofighter,command_center,light_rain,night,33.7,14.0,F-RANK
Eurofighter,command_center,heavy_rain,early_morning,26.2,7.0,F-RANK
Eurofighter,command_center,heavy_rain,morning,26.2,24.5,F-RANK
Eurofighter,command_center,heavy_rain,afternoon,26.2,35.0,F-RANK
Eurofighter,command_center,heavy_rain,evening,26.2,28.0,F-RANK
Eurofighter,command_center,heavy_rain,night,26.2,14.0,F-RANK
Eurofighter,command_center,windy,early_morning,31.8,7.0,F-RANK
Eurofighter,command_center,windy,morning,31.8,24.5,F-RANK
Eurofighter,command_center,windy,afternoon,31.8,35.0,F-RANK
Eurofighter,command_center,windy,evening,31.8,28.0,F-RANK
Eurofighter,command_center,windy,night,31.8,14.0,F-RANK
Eurofighter,command_center,storm,early_morning,18.7,7.0,F-RANK
Eurofighter,command_center,storm,morning,18.7,24.5,F-RANK
Eurofighter,command_center,storm,afternoon,18.7,35.0,F-RANK
Eurofighter,command_center,storm,evening,18.7,28.0,F-RANK
Eurofighter,command_center,storm,night,18.7,14.0,F-RANK
Eurofighter,command_center,fog,early_morning,22.4,7.0,F-RANK
Eurofighter,command_center,fog,morning,22.4,24.5,F-RANK
Eurofighter,command_center,fog,afternoon,22.4,35.0,F-RANK
Eurofighter,command_center,fog,evening,22.4,28.0,F-RANK
Eurofighter,command_center,fog,night,22.4,14.0,F-RANK
Eurofighter,warehouse,clear,early_morning,64.6,11.0,C-RANK
Eurofighter,warehouse,clear,morning,64.6,38.5,C-RANK
Eurofighter,warehouse,clear,afternoon,64.6,55.0,C-RANK
Eurofighter,warehouse,clear,evening,64.6,44.0,C-RANK
Eurofighter,warehouse,clear,night,64.6,22.0,C-RANK
Eurofighter,warehouse,light_rain,early_morning,58.1,11.0,D-RANK
Eurofighter,warehouse,light_rain,morning,58.1,38.5,D-RANK
Eurofighter,warehouse,light_rain,afternoon,58.1,55.0,D-RANK
Eurofighter,warehouse,light_rain,evening,58.1,44.0,D-RANK
Eurofighter,warehouse,light_rain,night,58.1,22.0,D-RANK
Eurofighter,warehouse,heavy_rain,early_morning,45.2,11.0,D-RANK
Eurofighter,warehouse,heavy_rain,morning,45.2,38.5,D-RANK
Eurofighter,warehouse,heavy_rain,afternoon,45.2,55.0,D-RANK
Eurofighter,warehouse,heavy_rain,evening,45.2,44.0,D-RANK
Eurofighter,warehouse,heavy_rain,night,45.2,22.0,D-RANK
Eurofighter,warehouse,windy,early_morning,54.9,11.0,D-RANK
Eurofighter,warehouse,windy,morning,54.9,38.5,D-RANK
Eurofighter,warehouse,windy,afternoon,54.9,55.0,D-RANK
Eurofighter,warehouse,windy,evening,54.9,44.0,D-RANK
Eurofighter,warehouse,windy,night,54.9,22.0,D-RANK
Eurofighter,warehouse,storm,early_morning,32.3,11.0,F-RANK
Eurofighter,warehouse,storm,morning,32.3,38.5,F-RANK
Eurofighter,warehouse,storm,afternoon,32.3,55.0,F-RANK
Eurofighter,warehouse,storm,evening,32.3,44.0,F-RANK
Eurofighter,warehouse,storm,night,32.3,22.0,F-RANK
Eurofighter,warehouse,fog,early_morning,38.8,11.0,F-RANK
Eurofighter,warehouse,fog,morning,38.8,38.5,F-RANK
Eurofighter,warehouse,fog,afternoon,38.8,55.0,F-RANK
Eurofighter,warehouse,fog,evening,38.8,44.0,F-RANK
Eurofighter,warehouse,fog,night,38.8,22.0,F-RANK
F-22,wooden_house,clear,early_morning,87.4,10.5,A-RANK
F-22,wooden_house,clear,morning,87.4,36.8,B-RANK
F-22,wooden_house,clear,afternoon,87.4,52.5,C-RANK
F-22,wooden_house,clear,evening,87.4,42.0,C-RANK
F-22,wooden_house,clear,night,87.4,21.0,B-RANK
F-22,wooden_house,light_rain,early_morning,78.7,10.5,B-RANK
F-22,wooden_house,light_rain,morning,78.7,36.8,B-RANK
F-22,wooden_house,light_rain,afternoon,78.7,52.5,C-RANK
F-22,wooden_house,light_rain,evening,78.7,42.0,C-RANK
F-22,wooden_house,light_rain,night,78.7,21.0,B-RANK
F-22,wooden_house,heavy_rain,early_morning,61.2,10.5,C-RANK
F-22,wooden_house,heavy_rain,morning,61.2,36.8,C-RANK
F-22,wooden_house,heavy_rain,afternoon,61.2,52.5,C-RANK
F-22,wooden_house,heavy_rain,evening,61.2,42.0,C-RANK
F-22,wooden_house,heavy_rain,night,61.2,21.0,C-RANK
F-22,wooden_house,windy,early_morning,74.3,10.5,C-RANK
F-22,wooden_house,windy,morning,74.3,36.8,C-RANK
F-22,wooden_house,windy,afternoon,74.3,52.5,C-RANK
F-22,wooden_house,windy,evening,74.3,42.0,C-RANK
F-22,wooden_house,windy,night,74.3,21.0,C-RANK
F-22,wooden_house,storm,early_morning,43.7,10.5,D-RANK
F-22,wooden_house,storm,morning,43.7,36.8,D-RANK
F-22,wooden_house,storm,afternoon,43.7,52.5,D-RANK
F-22,wooden_house,storm,evening,43.7,42.0,D-RANK
F-22,wooden_house,storm,night,43.7,21.0,D-RANK
F-22,wooden_house,fog,early_morning,52.4,10.5,D-RANK
F-22,wooden_house,fog,morning,52.4,36.8,D-RANK
F-22,wooden_house,fog,afternoon,52.4,52.5,D-RANK
F-22,wooden_house,fog,evening,52.4,42.0,D-RANK
F-22,wooden_house,fog,night,52.4,21.0,D-RANK
F-22,concrete_bunker,clear,early_morning,34.2,2.1,F-RANK
F-22,concrete_bunker,clear,morning,34.2,7.3,F-RANK
F-22,concrete_bunker,clear,afternoon,34.2,10.5,F-RANK
F-22,concrete_bunker,clear,evening,34.2,8.4,F-RANK
F-22,concrete_bunker,clear,night,34.2,4.2,F-RANK
F-22,concrete_bunker,light_rain,early_morning,30.8,2.1,F-RANK
F-22,concrete_bunker,light_rain,morning,30.8,7.3,F-RANK
F-22,concrete_bunker,light_rain,afternoon,30.8,10.5,F-RANK
F-22,concrete_bunker,light_rain,evening,30.8,8.4,F-RANK
F-22,concrete_bunker,light_rain,night,30.8,4.2,F-RANK
F-22,concrete_bunker,heavy_rain,early_morning,23.9,2.1,F-RANK
F-22,concrete_bunker,heavy_rain,morning,23.9,7.3,F-RANK
F-22,concrete_bunker,heavy_rain,afternoon,23.9,10.5,F-RANK
F-22,concrete_bunker,heavy_rain,evening,23.9,8.4,F-RANK
F-22,concrete_bunker,heavy_rain,night,23.9,4.2,F-RANK
F-22,concrete_bunker,windy,early_morning,29.1,2.1,F-RANK
F-22,concrete_bunker,windy,morning,29.1,7.3,F-RANK
F-22,concrete_bunker,windy,afternoon,29.1,10.5,F-RANK
F-22,concrete_bunker,windy,evening,29.1,8.4,F-RANK
F-22,concrete_bunker,windy,night,29.1,4.2,F-RANK
F-22,concrete_bunker,storm,early_morning,17.1,2.1,F-RANK
F-22,concrete_bunker,storm,morning,17.1,7.3,F-RANK
F-22,concrete_bunker,storm,afternoon,17.1,10.5,F-RANK
F-22,concrete_bunker,storm,evening,17.1,8.4,F-RANK
F-22,concrete_bunker,storm,night,17.1,4.2,F-RANK
F-22,concrete_bunker,fog,early_morning,20.5,2.1,F-RANK
F-22,concrete_bunker,fog,morning,20.5,7.3,F-RANK
F-22,concrete_bunker,fog,afternoon,20.5,10.5,F-RANK
F-22,concrete_bunker,fog,evening,20.5,8.4,F-RANK
F-22,concrete_bunker,fog,night,20.5,4.2,F-RANK
F-22,nuclear_facility,clear,early_morning,28.5,10.5,F-RANK
F-22,nuclear_facility,clear,morning,28.5,36.8,F-RANK
F-22,nuclear_facility,clear,afternoon,28.5,52.5,F-RANK
F-22,nuclear_facility,clear,evening,28.5,42.0,F-RANK
F-22,nuclear_facility,clear,night,28.5,21.0,F-RANK
F-22,nuclear_facility,light_rain,early_morning,25.6,10.5,F-RANK
F-22,nuclear_facility,light_rain,morning,25.6,36.8,F-RANK
F-22,nuclear_facility,light_rain,afternoon,25.6,52.5,F-RANK
F-22,nuclear_facility,light_rain,evening,25.6,42.0,F-RANK
F-22,nuclear_facility,light_rain,night,25.6,21.0,F-RANK
F-22,nuclear_facility,heavy_rain,early_morning,19.9,10.5,F-RANK
F-22,nuclear_facility,heavy_rain,morning,19.9,36.8,F-RANK
F-22,nuclear_facility,heavy_rain,afternoon,19.9,52.5,F-RANK
F-22,nuclear_facility,heavy_rain,evening,19.9,42.0,F-RANK
F-22,nuclear_facility,heavy_rain,night,19.9,21.0,F-RANK
F-22,nuclear_facility,windy,early_morning,24.2,10.5,F-RANK
F-22,nuclear_facility,windy,morning,24.2,36.8,F-RANK
F-22,nuclear_facility,windy,afternoon,24.2,52.5,F-RANK
F-22,nuclear_facility,windy,evening,24.2,42.0,F-RANK
F-22,nuclear_facility,windy,night,24.2,21.0,F-RANK
F-22,nuclear_facility,storm,early_morning,14.2,10.5,F-RANK
F-22,nuclear_facility,storm,morning,14.2,36.8,F-RANK
F-22,nuclear_facility,storm,afternoon,14.2,52.5,F-RANK
F-22,nuclear_facility,storm,evening,14.2,42.0,F-RANK
F-22,nuclear_facility,storm,night,14.2,21.0,F-RANK
F-22,nuclear_facility,fog,early_morning,17.1,10.5,F-RANK
F-22,nuclear_facility,fog,morning,17.1,36.8,F-RANK
F-22,nuclear_facility,fog,afternoon,17.1,52.5,F-RANK
F-22,nuclear_facility,fog,evening,17.1,42.0,F-RANK
F-22,nuclear_facility,fog,night,17.1,21.0,F-RANK
F-22,military_base,clear,early_morning,49.4,4.9,D-RANK
F-22,military_base,clear,morning,49.4,17.1,D-RANK
F-22,military_base,clear,afternoon,49.4,24.5,D-RANK
F-22,military_base,clear,evening,49.4,19.6,D-RANK
F-22,military_base,clear,night,49.4,9.8,D-RANK
F-22,military_base,light_rain,early_morning,44.5,4.9,D-RANK
F-22,military_base,light_rain,morning,44.5,17.1,D-RANK
F-22,military_base,light_rain,afternoon,44.5,24.5,D-RANK
F-22,military_base,light_rain,evening,44.5,19.6,D-RANK
F-22,military_base,light_rain,night,44.5,9.8,D-RANK
F-22,military_base,heavy_rain,early_morning,34.6,4.9,F-RANK
F-22,military_base,heavy_rain,morning,34.6,17.1,F-RANK
F-22,military_base,heavy_rain,afternoon,34.6,24.5,F-RANK
F-22,military_base,heavy_rain,evening,34.6,19.6,F-RANK
F-22,military_base,heavy_rain,night,34.6,9.8,F-RANK
F-22,military_base,windy,early_morning,42.0,4.9,D-RANK
F-22,military_base,windy,morning,42.0,17.1,D-RANK
F-22,military_base,windy,afternoon,42.0,24.5,D-RANK
F-22,military_base,windy,evening,42.0,19.6,D-RANK
F-22,military_base,windy,night,42.0,9.8,D-RANK
F-22,military_base,storm,early_morning,24.7,4.9,F-RANK
F-22,military_base,storm,morning,24.7,17.1,F-RANK
F-22,military_base,storm,afternoon,24.7,24.5,F-RANK
F-22,military_base,storm,evening,24.7,19.6,F-RANK
F-22,military_base,storm,night,24.7,9.8,F-RANK
F-22,military_base,fog,early_morning,29.6,4.9,F-RANK
F-22,military_base,fog,morning,29.6,17.1,F-RANK
F-22,military_base,fog,afternoon,29.6,24.5,F-RANK
F-22,military_base,fog,evening,29.6,19.6,F-RANK
F-22,military_base,fog,night,29.6,9.8,F-RANK
F-22,bridge,clear,early_morning,64.6,2.1,C-RANK
F-22,bridge,clear,morning,64.6,7.3,C-RANK
F-22,bridge,clear,afternoon,64.6,10.5,C-RANK
F-22,bridge,clear,evening,64.6,8.4,C-RANK
F-22,bridge,clear,night,64.6,4.2,C-RANK
F-22,bridge,light_rain,early_morning,58.1,2.1,D-RANK
F-22,bridge,light_rain,morning,58.1,7.3,D-RANK
F-22,bridge,light_rain,afternoon,58.1,10.5,D-RANK
F-22,bridge,light_rain,evening,58.1,8.4,D-RANK
F-22,bridge,light_rain,night,58.1,4.2,D-RANK
F-22,bridge,heavy_rain,early_morning,45.2,2.1,D-RANK
F-22,bridge,heavy_rain,morning,45.2,7.3,D-RANK
F-22,bridge,heavy_rain,afternoon,45.2,10.5,D-RANK
F-22,bridge,heavy_rain,evening,45.2,8.4,D-RANK
F-22,bridge,heavy_rain,night,45.2,4.2,D-RANK
F-22,bridge,windy,early_morning,54.9,2.1,D-RANK
F-22,bridge,windy,morning,54.9,7.3,D-RANK
F-22,bridge,windy,afternoon,54.9,10.5,D-RANK
F-22,bridge,windy,evening,54.9,8.4,D-RANK
F-22,bridge,windy,night,54.9,4.2,D-RANK
F-22,bridge,storm,early_morning,32.3,2.1,F-RANK
F-22,bridge,storm,morning,32.3,7.3,F-RANK
F-22,bridge,storm,afternoon,32.3,10.5,F-RANK
F-22,bridge,storm,evening,32.3,8.4,F-RANK
F-22,bridge,storm,night,32.3,4.2,F-RANK
F-22,bridge,fog,early_morning,38.8,2.1,F-RANK
F-22,bridge,fog,morning,38.8,7.3,F-RANK
F-22,bridge,fog,afternoon,38.8,10.5,F-RANK
F-22,bridge,fog,evening,38.8,8.4,F-RANK
F-22,bridge,fog,night,38.8,4.2,F-RANK
F-22,command_center,clear,early_morning,41.8,4.9,D-RANK
F-22,command_center,clear,morning,41.8,17.1,D-RANK
F-22,command_center,clear,afternoon,41.8,24.5,D-RANK
F-22,command_center,clear,evening,41.8,19.6,D-RANK
F-22,command_center,clear,night,41.8,9.8,D-RANK
F-22,command_center,light_rain,early_morning,37.6,4.9,F-RANK
F-22,command_center,light_rain,morning,37.6,17.1,F-RANK
F-22,command_center,light_rain,afternoon,37.6,24.5,F-RANK
F-22,command_center,light_rain,evening,37.6,19.6,F-RANK
F-22,command_center,light_rain,night,37.6,9.8,F-RANK
F-22,command_center,heavy_rain,early_morning,29.3,4.9,F-RANK
F-22,command_center,heavy_rain,morning,29.3,17.1,F-RANK
F-22,command_center,heavy_rain,afternoon,29.3,24.5,F-RANK
F-22,command_center,heavy_rain,evening,29.3,19.6,F-RANK
F-22,command_center,heavy_rain,night,29.3,9.8,F-RANK
F-22,command_center,windy,early_morning,35.5,4.9,F-RANK
F-22,command_center,windy,morning,35.5,17.1,F-RANK
F-22,command_center,windy,afternoon,35.5,24.5,F-RANK
F-22,command_center,windy,evening,35.5,19.6,F-RANK
F-22,command_center,windy,night,35.5,9.8,F-RANK
F-22,command_center,storm,early_morning,20.9,4.9,F-RANK
F-22,command_center,storm,morning,20.9,17.1,F-RANK
F-22,command_center,storm,afternoon,20.9,24.5,F-RANK
F-22,command_center,storm,evening,20.9,19.6,F-RANK
F-22,command_center,storm,night,20.9,9.8,F-RANK
F-22,command_center,fog,early_morning,25.1,4.9,F-RANK
F-22,command_center,fog,morning,25.1,17.1,F-RANK
F-22,command_center,fog,afternoon,25.1,24.5,F-RANK
F-22,command_center,fog,evening,25.1,19.6,F-RANK
F-22,command_center,fog,night,25.1,9.8,F-RANK
F-22,warehouse,clear,early_morning,72.2,7.7,C-RANK
F-22,warehouse,clear,morning,72.2,26.9,C-RANK
F-22,warehouse,clear,afternoon,72.2,38.5,C-RANK
F-22,warehouse,clear,evening,72.2,30.8,C-RANK
F-22,warehouse,clear,night,72.2,15.4,C-RANK
F-22,warehouse,light_rain,early_morning,65.0,7.7,C-RANK
F-22,warehouse,light_rain,morning,65.0,26.9,C-RANK
F-22,warehouse,light_rain,afternoon,65.0,38.5,C-RANK
F-22,warehouse,light_rain,evening,65.0,30.8,C-RANK
F-22,warehouse,light_rain,night,65.0,15.4,C-RANK
F-22,warehouse,heavy_rain,early_morning,50.5,7.7,D-RANK
F-22,warehouse,heavy_rain,morning,50.5,26.9,D-RANK
F-22,warehouse,heavy_rain,afternoon,50.5,38.5,D-RANK
F-22,warehouse,heavy_rain,evening,50.5,30.8,D-RANK
F-22,warehouse,heavy_rain,night,50.5,15.4,D-RANK
F-22,warehouse,windy,early_morning,61.4,7.7,C-RANK
F-22,warehouse,windy,morning,61.4,26.9,C-RANK
F-22,warehouse,windy,afternoon,61.4,38.5,C-RANK
F-22,warehouse,windy,evening,61.4,30.8,C-RANK
F-22,warehouse,windy,night,61.4,15.4,C-RANK
F-22,warehouse,storm,early_morning,36.1,7.7,F-RANK
F-22,warehouse,storm,morning,36.1,26.9,F-RANK
F-22,warehouse,storm,afternoon,36.1,38.5,F-RANK
F-22,warehouse,storm,evening,36.1,30.8,F-RANK
F-22,warehouse,storm,night,36.1,15.4,F-RANK
F-22,warehouse,fog,early_morning,43.3,7.7,D-RANK
F-22,warehouse,fog,morning,43.3,26.9,D-RANK
F-22,warehouse,fog,afternoon,43.3,38.5,D-RANK
F-22,warehouse,fog,evening,43.3,30.8,D-RANK
F-22,warehouse,fog,night,43.3,15.4,D-RANK
F-15E,wooden_house,clear,early_morning,78.2,15.0,B-RANK
F-15E,wooden_house,clear,morning,78.2,52.5,C-RANK
F-15E,wooden_house,clear,afternoon,78.2,75.0,D-RANK
F-15E,wooden_house,clear,evening,78.2,60.0,C-RANK
F-15E,wooden_house,clear,night,78.2,30.0,B-RANK
F-15E,wooden_house,light_rain,early_morning,70.4,15.0,C-RANK
F-15E,wooden_house,light_rain,morning,70.4,52.5,C-RANK
F-15E,wooden_house,light_rain,afternoon,70.4,75.0,D-RANK
F-15E,wooden_house,light_rain,evening,70.4,60.0,C-RANK
F-15E,wooden_house,light_rain,night,70.4,30.0,C-RANK
F-15E,wooden_house,heavy_rain,early_morning,54.7,15.0,D-RANK
F-15E,wooden_house,heavy_rain,morning,54.7,52.5,D-RANK
F-15E,wooden_house,heavy_rain,afternoon,54.7,75.0,D-RANK
F-15E,wooden_house,heavy_rain,evening,54.7,60.0,D-RANK
F-15E,wooden_house,heavy_rain,night,54.7,30.0,D-RANK
F-15E,wooden_house,windy,early_morning,66.5,15.0,C-RANK
F-15E,wooden_house,windy,morning,66.5,52.5,C-RANK
F-15E,wooden_house,windy,afternoon,66.5,75.0,D-RANK
F-15E,wooden_house,windy,evening,66.5,60.0,C-RANK
F-15E,wooden_house,windy,night,66.5,30.0,C-RANK
F-15E,wooden_house,storm,early_morning,39.1,15.0,F-RANK
F-15E,wooden_house,storm,morning,39.1,52.5,F-RANK
F-15E,wooden_house,storm,afternoon,39.1,75.0,F-RANK
F-15E,wooden_house,storm,evening,39.1,60.0,F-RANK
F-15E,wooden_house,storm,night,39.1,30.0,F-RANK
F-15E,wooden_house,fog,early_morning,46.9,15.0,D-RANK
F-15E,wooden_house,fog,morning,46.9,52.5,D-RANK
F-15E,wooden_house,fog,afternoon,46.9,75.0,D-RANK
F-15E,wooden_house,fog,evening,46.9,60.0,D-RANK
F-15E,wooden_house,fog,night,46.9,30.0,D-RANK
F-15E,concrete_bunker,clear,early_morning,30.6,3.0,F-RANK
F-15E,concrete_bunker,clear,morning,30.6,10.5,F-RANK
F-15E,concrete_bunker,clear,afternoon,30.6,15.0,F-RANK
F-15E,concrete_bunker,clear,evening,30.6,12.0,F-RANK
F-15E,concrete_bunker,clear,night,30.6,6.0,F-RANK
F-15E,concrete_bunker,light_rain,early_morning,27.5,3.0,F-RANK
F-15E,concrete_bunker,light_rain,morning,27.5,10.5,F-RANK
F-15E,concrete_bunker,light_rain,afternoon,27.5,15.0,F-RANK
F-15E,concrete_bunker,light_rain,evening,27.5,12.0,F-RANK
F-15E,concrete_bunker,light_rain,night,27.5,6.0,F-RANK
F-15E,concrete_bunker,heavy_rain,early_morning,21.4,3.0,F-RANK
F-15E,concrete_bunker,heavy_rain,morning,21.4,10.5,F-RANK
F-15E,concrete_bunker,heavy_rain,afternoon,21.4,15.0,F-RANK
F-15E,concrete_bunker,heavy_rain,evening,21.4,12.0,F-RANK
F-15E,concrete_bunker,heavy_rain,night,21.4,6.0,F-RANK
F-15E,concrete_bunker,windy,early_morning,26.0,3.0,F-RANK
F-15E,concrete_bunker,windy,morning,26.0,10.5,F-RANK
F-15E,concrete_bunker,windy,afternoon,26.0,15.0,F-RANK
F-15E,concrete_bunker,windy,evening,26.0,12.0,F-RANK
F-15E,concrete_bunker,windy,night,26.0,6.0,F-RANK
F-15E,concrete_bunker,storm,early_morning,15.3,3.0,F-RANK
F-15E,concrete_bunker,storm,morning,15.3,10.5,F-RANK
F-15E,concrete_bunker,storm,afternoon,15.3,15.0,F-RANK
F-15E,concrete_bunker,storm,evening,15.3,12.0,F-RANK
F-15E,concrete_bunker,storm,night,15.3,6.0,F-RANK
F-15E,concrete_bunker,fog,early_morning,18.4,3.0,F-RANK
F-15E,concrete_bunker,fog,morning,18.4,10.5,F-RANK
F-15E,concrete_bunker,fog,afternoon,18.4,15.0,F-RANK
F-15E,concrete_bunker,fog,evening,18.4,12.0,F-RANK
F-15E,concrete_bunker,fog,night,18.4,6.0,F-RANK
F-15E,nuclear_facility,clear,early_morning,25.5,15.0,F-RANK
F-15E,nuclear_facility,clear,morning,25.5,52.5,F-RANK
F-15E,nuclear_facility,clear,afternoon,25.5,75.0,F-RANK
F-15E,nuclear_facility,clear,evening,25.5,60.0,F-RANK
F-15E,nuclear_facility,clear,night,25.5,30.0,F-RANK
F-15E,nuclear_facility,light_rain,early_morning,22.9,15.0,F-RANK
F-15E,nuclear_facility,light_rain,morning,22.9,52.5,F-RANK
F-15E,nuclear_facility,light_rain,afternoon,22.9,75.0,F-RANK
F-15E,nuclear_facility,light_rain,evening,22.9,60.0,F-RANK
F-15E,nuclear_facility,light_rain,night,22.9,30.0,F-RANK
F-15E,nuclear_facility,heavy_rain,early_morning,17.8,15.0,F-RANK
F-15E,nuclear_facility,heavy_rain,morning,17.8,52.5,F-RANK
F-15E,nuclear_facility,heavy_rain,afternoon,17.8,75.0,F-RANK
F-15E,nuclear_facility,heavy_rain,evening,17.8,60.0,F-RANK
F-15E,nuclear_facility,heavy_rain,night,17.8,30.0,F-RANK
F-15E,nuclear_facility,windy,early_morning,21.7,15.0,F-RANK
F-15E,nuclear_facility,windy,morning,21.7,52.5,F-RANK
F-15E,nuclear_facility,windy,afternoon,21.7,75.0,F-RANK
F-15E,nuclear_facility,windy,evening,21.7,60.0,F-RANK
F-15E,nuclear_facility,windy,night,21.7,30.0,F-RANK
F-15E,nuclear_facility,storm,early_morning,12.8,15.0,F-RANK
F-15E,nuclear_facility,storm,morning,12.8,52.5,F-RANK
F-15E,nuclear_facility,storm,afternoon,12.8,75.0,F-RANK
F-15E,nuclear_facility,storm,evening,12.8,60.0,F-RANK
F-15E,nuclear_facility,storm,night,12.8,30.0,F-RANK
F-15E,nuclear_facility,fog,early_morning,15.3,15.0,F-RANK
F-15E,nuclear_facility,fog,morning,15.3,52.5,F-RANK
F-15E,nuclear_facility,fog,afternoon,15.3,75.0,F-RANK
F-15E,nuclear_facility,fog,evening,15.3,60.0,F-RANK
F-15E,nuclear_facility,fog,night,15.3,30.0,F-RANK
F-15E,military_base,clear,early_morning,44.2,7.0,D-RANK
F-15E,military_base,clear,morning,44.2,24.5,D-RANK
F-15E,military_base,clear,afternoon,44.2,35.0,D-RANK
F-15E,military_base,clear,evening,44.2,28.0,D-RANK
F-15E,military_base,clear,night,44.2,14.0,D-RANK
F-15E,military_base,light_rain,early_morning,39.8,7.0,F-RANK
F-15E,military_base,light_rain,morning,39.8,24.5,F-RANK
F-15E,military_base,light_rain,afternoon,39.8,35.0,F-RANK
F-15E,military_base,light_rain,evening,39.8,28.0,F-RANK
F-15E,military_base,light_rain,night,39.8,14.0,F-RANK
F-15E,military_base,heavy_rain,early_morning,30.9,7.0,F-RANK
F-15E,military_base,heavy_rain,morning,30.9,24.5,F-RANK
F-15E,military_base,heavy_rain,afternoon,30.9,35.0,F-RANK
F-15E,military_base,heavy_rain,evening,30.9,28.0,F-RANK
F-15E,military_base,heavy_rain,night,30.9,14.0,F-RANK
F-15E,military_base,windy,early_morning,37.6,7.0,F-RANK
F-15E,military_base,windy,morning,37.6,24.5,F-RANK
F-15E,military_base,windy,afternoon,37.6,35.0,F-RANK
F-15E,military_base,windy,evening,37.6,28.0,F-RANK
F-15E,military_base,windy,night,37.6,14.0,F-RANK
F-15E,military_base,storm,early_morning,22.1,7.0,F-RANK
F-15E,military_base,storm,morning,22.1,24.5,F-RANK
F-15E,military_base,storm,afternoon,22.1,35.0,F-RANK
F-15E,military_base,storm,evening,22.1,28.0,F-RANK
F-15E,military_base,storm,night,22.1,14.0,F-RANK
F-15E,military_base,fog,early_morning,26.5,7.0,F-RANK
F-15E,military_base,fog,morning,26.5,24.5,F-RANK
F-15E,military_base,fog,afternoon,26.5,35.0,F-RANK
F-15E,military_base,fog,evening,26.5,28.0,F-RANK
F-15E,military_base,fog,night,26.5,14.0,F-RANK
F-15E,bridge,clear,early_morning,57.8,3.0,D-RANK
F-15E,bridge,clear,morning,57.8,10.5,D-RANK
F-15E,bridge,clear,afternoon,57.8,15.0,D-RANK
F-15E,bridge,clear,evening,57.8,12.0,D-RANK
F-15E,bridge,clear,night,57.8,6.0,D-RANK
F-15E,bridge,light_rain,early_morning,52.0,3.0,D-RANK
F-15E,bridge,light_rain,morning,52.0,10.5,D-RANK
F-15E,bridge,light_rain,afternoon,52.0,15.0,D-RANK
F-15E,bridge,light_rain,evening,52.0,12.0,D-RANK
F-15E,bridge,light_rain,night,52.0,6.0,D-RANK
F-15E,bridge,heavy_rain,early_morning,40.5,3.0,D-RANK
F-15E,bridge,heavy_rain,morning,40.5,10.5,D-RANK
F-15E,bridge,heavy_rain,afternoon,40.5,15.0,D-RANK
F-15E,bridge,heavy_rain,evening,40.5,12.0,D-RANK
F-15E,bridge,heavy_rain,night,40.5,6.0,D-RANK
F-15E,bridge,windy,early_morning,49.1,3.0,D-RANK
F-15E,bridge,windy,morning,49.1,10.5,D-RANK
F-15E,bridge,windy,afternoon,49.1,15.0,D-RANK
F-15E,bridge,windy,evening,49.1,12.0,D-RANK
F-15E,bridge,windy,night,49.1,6.0,D-RANK
F-15E,bridge,storm,early_morning,28.9,3.0,F-RANK
F-15E,bridge,storm,morning,28.9,10.5,F-RANK
F-15E,bridge,storm,afternoon,28.9,15.0,F-RANK
F-15E,bridge,storm,evening,28.9,12.0,F-RANK
F-15E,bridge,storm,night,28.9,6.0,F-RANK
F-15E,bridge,fog,early_morning,34.7,3.0,F-RANK
F-15E,bridge,fog,morning,34.7,10.5,F-RANK
F-15E,bridge,fog,afternoon,34.7,15.0,F-RANK
F-15E,bridge,fog,evening,34.7,12.0,F-RANK
F-15E,bridge,fog,night,34.7,6.0,F-RANK
F-15E,command_center,clear,early_morning,37.4,7.0,F-RANK
F-15E,command_center,clear,morning,37.4,24.5,F-RANK
F-15E,command_center,clear,afternoon,37.4,35.0,F-RANK
F-15E,command_center,clear,evening,37.4,28.0,F-RANK
F-15E,command_center,clear,night,37.4,14.0,F-RANK
F-15E,command_center,light_rain,early_morning,33.7,7.0,F-RANK
F-15E,command_center,light_rain,morning,33.7,24.5,F-RANK
F-15E,command_center,light_rain,afternoon,33.7,35.0,F-RANK
F-15E,command_center,light_rain,evening,33.7,28.0,F-RANK
F-15E,command_center,light_rain,night,33.7,14.0,F-RANK
F-15E,command_center,heavy_rain,early_morning,26.2,7.0,F-RANK
F-15E,command_center,heavy_rain,morning,26.2,24.5,F-RANK
F-15E,command_center,heavy_rain,afternoon,26.2,35.0,F-RANK
F-15E,command_center,heavy_rain,evening,26.2,28.0,F-RANK
F-15E,command_center,heavy_rain,night,26.2,14.0,F-RANK
F-15E,command_center,windy,early_morning,31.8,7.0,F-RANK
F-15E,command_center,windy,morning,31.8,24.5,F-RANK
F-15E,command_center,windy,afternoon,31.8,35.0,F-RANK
F-15E,command_center,windy,evening,31.8,28.0,F-RANK
F-15E,command_center,windy,night,31.8,14.0,F-RANK
F-15E,command_center,storm,early_morning,18.7,7.0,F-RANK
F-15E,command_center,storm,morning,18.7,24.5,F-RANK
F-15E,command_center,storm,afternoon,18.7,35.0,F-RANK
F-15E,command_center,storm,evening,18.7,28.0,F-RANK
F-15E,command_center,storm,night,18.7,14.0,F-RANK
F-15E,command_center,fog,early_morning,22.4,7.0,F-RANK
F-15E,command_center,fog,morning,22.4,24.5,F-RANK
F-15E,command_center,fog,afternoon,22.4,35.0,F-RANK
F-15E,command_center,fog,evening,22.4,28.0,F-RANK
F-15E,command_center,fog,night,22.4,14.0,F-RANK
F-15E,warehouse,clear,early_morning,64.6,11.0,C-RANK
F-15E,warehouse,clear,morning,64.6,38.5,C-RANK
F-15E,warehouse,clear,afternoon,64.6,55.0,C-RANK
F-15E,warehouse,clear,evening,64.6,44.0,C-RANK
F-15E,warehouse,clear,night,64.6,22.0,C-RANK
F-15E,warehouse,light_rain,early_morning,58.1,11.0,D-RANK
F-15E,warehouse,light_rain,morning,58.1,38.5,D-RANK
F-15E,warehouse,light_rain,afternoon,58.1,55.0,D-RANK
F-15E,warehouse,light_rain,evening,58.1,44.0,D-RANK
F-15E,warehouse,light_rain,night,58.1,22.0,D-RANK
F-15E,warehouse,heavy_rain,early_morning,45.2,11.0,D-RANK
F-15E,warehouse,heavy_rain,morning,45.2,38.5,D-RANK
F-15E,warehouse,heavy_rain,afternoon,45.2,55.0,D-RANK
F-15E,warehouse,heavy_rain,evening,45.2,44.0,D-RANK
F-15E,warehouse,heavy_rain,night,45.2,22.0,D-RANK
F-15E,warehouse,windy,early_morning,54.9,11.0,D-RANK
F-15E,warehouse,windy,morning,54.9,38.5,D-RANK
F-15E,warehouse,windy,afternoon,54.9,55.0,D-RANK
F-15E,warehouse,windy,evening,54.9,44.0,D-RANK
F-15E,warehouse,windy,night,54.9,22.0,D-RANK
F-15E,warehouse,storm,early_morning,32.3,11.0,F-RANK
F-15E,warehouse,storm,morning,32.3,38.5,F-RANK
F-15E,warehouse,storm,afternoon,32.3,55.0,F-RANK
F-15E,warehouse,storm,evening,32.3,44.0,F-RANK
F-15E,warehouse,storm,night,32.3,22.0,F-RANK
F-15E,warehouse,fog,early_morning,38.8,11.0,F-RANK
F-15E,warehouse,fog,morning,38.8,38.5,F-RANK
F-15E,warehouse,fog,afternoon,38.8,55.0,F-RANK
F-15E,warehouse,fog,evening,38.8,44.0,F-RANK
F-15E,warehouse,fog,night,38.8,22.0,F-RANK
F-35A,wooden_house,clear,early_morning,87.4,10.5,A-RANK
F-35A,wooden_house,clear,morning,87.4,36.8,B-RANK
F-35A,wooden_house,clear,afternoon,87.4,52.5,C-RANK
F-35A,wooden_house,clear,evening,87.4,42.0,C-RANK
F-35A,wooden_house,clear,night,87.4,21.0,B-RANK
F-35A,wooden_house,light_rain,early_morning,78.7,10.5,B-RANK
F-35A,wooden_house,light_rain,morning,78.7,36.8,B-RANK
F-35A,wooden_house,light_rain,afternoon,78.7,52.5,C-RANK
F-35A,wooden_house,light_rain,evening,78.7,42.0,C-RANK
F-35A,wooden_house,light_rain,night,78.7,21.0,B-RANK
F-35A,wooden_house,heavy_rain,early_morning,61.2,10.5,C-RANK
F-35A,wooden_house,heavy_rain,morning,61.2,36.8,C-RANK
F-35A,wooden_house,heavy_rain,afternoon,61.2,52.5,C-RANK
F-35A,wooden_house,heavy_rain,evening,61.2,42.0,C-RANK
F-35A,wooden_house,heavy_rain,night,61.2,21.0,C-RANK
F-35A,wooden_house,windy,early_morning,74.3,10.5,C-RANK
F-35A,wooden_house,windy,morning,74.3,36.8,C-RANK
F-35A,wooden_house,windy,afternoon,74.3,52.5,C-RANK
F-35A,wooden_house,windy,evening,74.3,42.0,C-RANK
F-35A,wooden_house,windy,night,74.3,21.0,C-RANK
F-35A,wooden_house,storm,early_morning,43.7,10.5,D-RANK
F-35A,wooden_house,storm,morning,43.7,36.8,D-RANK
F-35A,wooden_house,storm,afternoon,43.7,52.5,D-RANK
F-35A,wooden_house,storm,evening,43.7,42.0,D-RANK
F-35A,wooden_house,storm,night,43.7,21.0,D-RANK
F-35A,wooden_house,fog,early_morning,52.4,10.5,D-RANK
F-35A,wooden_house,fog,morning,52.4,36.8,D-RANK
F-35A,wooden_house,fog,afternoon,52.4,52.5,D-RANK
F-35A,wooden_house,fog,evening,52.4,42.0,D-RANK
F-35A,wooden_house,fog,night,52.4,21.0,D-RANK
F-35A,concrete_bunker,clear,early_morning,34.2,2.1,F-RANK
F-35A,concrete_bunker,clear,morning,34.2,7.3,F-RANK
F-35A,concrete_bunker,clear,afternoon,34.2,10.5,F-RANK
F-35A,concrete_bunker,clear,evening,34.2,8.4,F-RANK
F-35A,concrete_bunker,clear,night,34.2,4.2,F-RANK
F-35A,concrete_bunker,light_rain,early_morning,30.8,2.1,F-RANK
F-35A,concrete_bunker,light_rain,morning,30.8,7.3,F-RANK
F-35A,concrete_bunker,light_rain,afternoon,30.8,10.5,F-RANK
F-35A,concrete_bunker,light_rain,evening,30.8,8.4,F-RANK
F-35A,concrete_bunker,light_rain,night,30.8,4.2,F-RANK
F-35A,concrete_bunker,heavy_rain,early_morning,23.9,2.1,F-RANK
F-35A,concrete_bunker,heavy_rain,morning,23.9,7.3,F-RANK
F-35A,concrete_bunker,heavy_rain,afternoon,23.9,10.5,F-RANK
F-35A,concrete_bunker,heavy_rain,evening,23.9,8.4,F-RANK
F-35A,concrete_bunker,heavy_rain,night,23.9,4.2,F-RANK
F-35A,concrete_bunker,windy,early_morning,29.1,2.1,F-RANK
F-35A,concrete_bunker,windy,morning,29.1,7.3,F-RANK
F-35A,concrete_bunker,windy,afternoon,29.1,10.5,F-RANK
F-35A,concrete_bunker,windy,evening,29.1,8.4,F-RANK
F-35A,concrete_bunker,windy,night,29.1,4.2,F-RANK
F-35A,concrete_bunker,storm,early_morning,17.1,2.1,F-RANK
F-35A,concrete_bunker,storm,morning,17.1,7.3,F-RANK
F-35A,concrete_bunker,storm,afternoon,17.1,10.5,F-RANK
F-35A,concrete_bunker,storm,evening,17.1,8.4,F-RANK
F-35A,concrete_bunker,storm,night,17.1,4.2,F-RANK
F-35A,concrete_bunker,fog,early_morning,20.5,2.1,F-RANK
F-35A,concrete_bunker,fog,morning,20.5,7.3,F-RANK
F-35A,concrete_bunker,fog,afternoon,20.5,10.5,F-RANK
F-35A,concrete_bunker,fog,evening,20.5,8.4,F-RANK
F-35A,concrete_bunker,fog,night,20.5,4.2,F-RANK
F-35A,nuclear_facility,clear,early_morning,28.5,10.5,F-RANK
F-35A,nuclear_facility,clear,morning,28.5,36.8,F-RANK
F-35A,nuclear_facility,clear,afternoon,28.5,52.5,F-RANK
F-35A,nuclear_facility,clear,evening,28.5,42.0,F-RANK
F-35A,nuclear_facility,clear,night,28.5,21.0,F-RANK
F-35A,nuclear_facility,light_rain,early_morning,25.6,10.5,F-RANK
F-35A,nuclear_facility,light_rain,morning,25.6,36.8,F-RANK
F-35A,nuclear_facility,light_rain,afternoon,25.6,52.5,F-RANK
F-35A,nuclear_facility,light_rain,evening,25.6,42.0,F-RANK
F-35A,nuclear_facility,light_rain,night,25.6,21.0,F-RANK
F-35A,nuclear_facility,heavy_rain,early_morning,19.9,10.5,F-RANK
F-35A,nuclear_facility,heavy_rain,morning,19.9,36.8,F-RANK
F-35A,nuclear_facility,heavy_rain,afternoon,19.9,52.5,F-RANK
F-35A,nuclear_facility,heavy_rain,evening,19.9,42.0,F-RANK
F-35A,nuclear_facility,heavy_rain,night,19.9,21.0,F-RANK
F-35A,nuclear_facility,windy,early_morning,24.2,10.5,F-RANK
F-35A,nuclear_facility,windy,morning,24.2,36.8,F-RANK
F-35A,nuclear_facility,windy,afternoon,24.2,52.5,F-RANK
F-35A,nuclear_facility,windy,evening,24.2,42.0,F-RANK
F-35A,nuclear_facility,windy,night,24.2,21.0,F-RANK
F-35A,nuclear_facility,storm,early_morning,14.2,10.5,F-RANK
F-35A,nuclear_facility,storm,morning,14.2,36.8,F-RANK
F-35A,nuclear_facility,storm,afternoon,14.2,52.5,F-RANK
F-35A,nuclear_facility,storm,evening,14.2,42.0,F-RANK
F-35A,nuclear_facility,storm,night,14.2,21.0,F-RANK
F-35A,nuclear_facility,fog,early_morning,17.1,10.5,F-RANK
F-35A,nuclear_facility,fog,morning,17.1,36.8,F-RANK
F-35A,nuclear_facility,fog,afternoon,17.1,52.5,F-RANK
F-35A,nuclear_facility,fog,evening,17.1,42.0,F-RANK
F-35A,nuclear_facility,fog,night,17.1,21.0,F-RANK
F-35A,military_base,clear,early_morning,49.4,4.9,D-RANK
F-35A,military_base,clear,morning,49.4,17.1,D-RANK
F-35A,military_base,clear,afternoon,49.4,24.5,D-RANK
F-35A,military_base,clear,evening,49.4,19.6,D-RANK
F-35A,military_base,clear,night,49.4,9.8,D-RANK
F-35A,military_base,light_rain,early_morning,44.5,4.9,D-RANK
F-35A,military_base,light_rain,morning,44.5,17.1,D-RANK
F-35A,military_base,light_rain,afternoon,44.5,24.5,D-RANK
F-35A,military_base,light_rain,evening,44.5,19.6,D-RANK
F-35A,military_base,light_rain,night,44.5,9.8,D-RANK
F-35A,military_base,heavy_rain,early_morning,34.6,4.9,F-RANK
F-35A,military_base,heavy_rain,morning,34.6,17.1,F-RANK
F-35A,military_base,heavy_rain,afternoon,34.6,24.5,F-RANK
F-35A,military_base,heavy_rain,evening,34.6,19.6,F-RANK
F-35A,military_base,heavy_rain,night,34.6,9.8,F-RANK
F-35A,military_base,windy,early_morning,42.0,4.9,D-RANK
F-35A,military_base,windy,morning,42.0,17.1,D-RANK
F-35A,military_base,windy,afternoon,42.0,24.5,D-RANK
F-35A,military_base,windy,evening,42.0,19.6,D-RANK
F-35A,military_base,windy,night,42.0,9.8,D-RANK
F-35A,military_base,storm,early_morning,24.7,4.9,F-RANK
F-35A,military_base,storm,morning,24.7,17.1,F-RANK
F-35A,military_base,storm,afternoon,24.7,24.5,F-RANK
F-35A,military_base,storm,evening,24.7,19.6,F-RANK
F-35A,military_base,storm,night,24.7,9.8,F-RANK
F-35A,military_base,fog,early_morning,29.6,4.9,F-RANK
F-35A,military_base,fog,morning,29.6,17.1,F-RANK
F-35A,military_base,fog,afternoon,29.6,24.5,F-RANK
F-35A,military_base,fog,evening,29.6,19.6,F-RANK
F-35A,military_base,fog,night,29.6,9.8,F-RANK
F-35A,bridge,clear,early_morning,64.6,2.1,C-RANK
F-35A,bridge,clear,morning,64.6,7.3,C-RANK
F-35A,bridge,clear,afternoon,64.6,10.5,C-RANK
F-35A,bridge,clear,evening,64.6,8.4,C-RANK
F-35A,bridge,clear,night,64.6,4.2,C-RANK
F-35A,bridge,light_rain,early_morning,58.1,2.1,D-RANK
F-35A,bridge,light_rain,morning,58.1,7.3,D-RANK
F-35A,bridge,light_rain,afternoon,58.1,10.5,D-RANK
F-35A,bridge,light_rain,evening,58.1,8.4,D-RANK
F-35A,bridge,light_rain,night,58.1,4.2,D-RANK
F-35A,bridge,heavy_rain,early_morning,45.2,2.1,D-RANK
F-35A,bridge,heavy_rain,morning,45.2,7.3,D-RANK
F-35A,bridge,heavy_rain,afternoon,45.2,10.5,D-RANK
F-35A,bridge,heavy_rain,evening,45.2,8.4,D-RANK
F-35A,bridge,heavy_rain,night,45.2,4.2,D-RANK
F-35A,bridge,windy,early_morning,54.9,2.1,D-RANK
F-35A,bridge,windy,morning,54.9,7.3,D-RANK
F-35A,bridge,windy,afternoon,54.9,10.5,D-RANK
F-35A,bridge,windy,evening,54.9,8.4,D-RANK
F-35A,bridge,windy,night,54.9,4.2,D-RANK
F-35A,bridge,storm,early_morning,32.3,2.1,F-RANK
F-35A,bridge,storm,morning,32.3,7.3,F-RANK
F-35A,bridge,storm,afternoon,32.3,10.5,F-RANK
F-35A,bridge,storm,evening,32.3,8.4,F-RANK
F-35A,bridge,storm,night,32.3,4.2,F-RANK
F-35A,bridge,fog,early_morning,38.8,2.1,F-RANK
F-35A,bridge,fog,morning,38.8,7.3,F-RANK
F-35A,bridge,fog,afternoon,38.8,10.5,F-RANK
F-35A,bridge,fog,evening,38.8,8.4,F-RANK
F-35A,bridge,fog,night,38.8,4.2,F-RANK
F-35A,command_center,clear,early_morning,41.8,4.9,D-RANK
F-35A,command_center,clear,morning,41.8,17.1,D-RANK
F-35A,command_center,clear,afternoon,41.8,24.5,D-RANK
F-35A,command_center,clear,evening,41.8,19.6,D-RANK
F-35A,command_center,clear,night,41.8,9.8,D-RANK
F-35A,command_center,light_rain,early_morning,37.6,4.9,F-RANK
F-35A,command_center,light_rain,morning,37.6,17.1,F-RANK
F-35A,command_center,light_rain,afternoon,37.6,24.5,F-RANK
F-35A,command_center,light_rain,evening,37.6,19.6,F-RANK
F-35A,command_center,light_rain,night,37.6,9.8,F-RANK
F-35A,command_center,heavy_rain,early_morning,29.3,4.9,F-RANK
F-35A,command_center,heavy_rain,morning,29.3,17.1,F-RANK
F-35A,command_center,heavy_rain,afternoon,29.3,24.5,F-RANK
F-35A,command_center,heavy_rain,evening,29.3,19.6,F-RANK
F-35A,command_center,heavy_rain,night,29.3,9.8,F-RANK
F-35A,command_center,windy,early_morning,35.5,4.9,F-RANK
F-35A,command_center,windy,morning,35.5,17.1,F-RANK
F-35A,command_center,windy,afternoon,35.5,24.5,F-RANK
F-35A,command_center,windy,evening,35.5,19.6,F-RANK
F-35A,command_center,windy,night,35.5,9.8,F-RANK
F-35A,command_center,storm,early_morning,20.9,4.9,F-RANK
F-35A,command_center,storm,morning,20.9,17.1,F-RANK
F-35A,command_center,storm,afternoon,20.9,24.5,F-RANK
F-35A,command_center,storm,evening,20.9,19.6,F-RANK
F-35A,command_center,storm,night,20.9,9.8,F-RANK
F-35A,command_center,fog,early_morning,25.1,4.9,F-RANK
F-35A,command_center,fog,morning,25.1,17.1,F-RANK
F-35A,command_center,fog,afternoon,25.1,24.5,F-RANK
F-35A,command_center,fog,evening,25.1,19.6,F-RANK
F-35A,command_center,fog,night,25.1,9.8,F-RANK
F-35A,warehouse,clear,early_morning,72.2,7.7,C-RANK
F-35A,warehouse,clear,morning,72.2,26.9,C-RANK
F-35A,warehouse,clear,afternoon,72.2,38.5,C-RANK
F-35A,warehouse,clear,evening,72.2,30.8,C-RANK
F-35A,warehouse,clear,night,72.2,15.4,C-RANK
F-35A,warehouse,light_rain,early_morning,65.0,7.7,C-RANK
F-35A,warehouse,light_rain,morning,65.0,26.9,C-RANK
F-35A,warehouse,light_rain,afternoon,65.0,38.5,C-RANK
F-35A,warehouse,light_rain,evening,65.0,30.8,C-RANK
F-35A,warehouse,light_rain,night,65.0,15.4,C-RANK
F-35A,warehouse,heavy_rain,early_morning,50.5,7.7,D-RANK
F-35A,warehouse,heavy_rain,morning,50.5,26.9,D-RANK
F-35A,warehouse,heavy_rain,afternoon,50.5,38.5,D-RANK
F-35A,warehouse,heavy_rain,evening,50.5,30.8,D-RANK
F-35A,warehouse,heavy_rain,night,50.5,15.4,D-RANK
F-35A,warehouse,windy,early_morning,61.4,7.7,C-RANK
F-35A,warehouse,windy,morning,61.4,26.9,C-RANK
F-35A,warehouse,windy,afternoon,61.4,38.5,C-RANK
F-35A,warehouse,windy,evening,61.4,30.8,C-RANK
F-35A,warehouse,windy,night,61.4,15.4,C-RANK
F-35A,warehouse,storm,early_morning,36.1,7.7,F-RANK
F-35A,warehouse,storm,morning,36.1,26.9,F-RANK
F-35A,warehouse,storm,afternoon,36.1,38.5,F-RANK
F-35A,warehouse,storm,evening,36.1,30.8,F-RANK
F-35A,warehouse,storm,night,36.1,15.4,F-RANK
F-35A,warehouse,fog,early_morning,43.3,7.7,D-RANK
F-35A,warehouse,fog,morning,43.3,26.9,D-RANK
F-35A,warehouse,fog,afternoon,43.3,38.5,D-RANK
F-35A,warehouse,fog,evening,43.3,30.8,D-RANK
F-35A,warehouse,fog,night,43.3,15.4,D-RANK
NGAD-X,wooden_house,clear,early_morning,91.1,10.5,A-RANK
NGAD-X,wooden_house,clear,morning,91.1,36.8,B-RANK
NGAD-X,wooden_house,clear,afternoon,91.1,52.5,C-RANK
NGAD-X,wooden_house,clear,evening,91.1,42.0,C-RANK
NGAD-X,wooden_house,clear,night,91.1,21.0,B-RANK
NGAD-X,wooden_house,light_rain,early_morning,82.0,10.5,B-RANK
NGAD-X,wooden_house,light_rain,morning,82.0,36.8,B-RANK
NGAD-X,wooden_house,light_rain,afternoon,82.0,52.5,C-RANK
NGAD-X,wooden_house,light_rain,evening,82.0,42.0,C-RANK
NGAD-X,wooden_house,light_rain,night,82.0,21.0,B-RANK
NGAD-X,wooden_house,heavy_rain,early_morning,63.8,10.5,C-RANK
NGAD-X,wooden_house,heavy_rain,morning,63.8,36.8,C-RANK
NGAD-X,wooden_house,heavy_rain,afternoon,63.8,52.5,C-RANK
NGAD-X,wooden_house,heavy_rain,evening,63.8,42.0,C-RANK
NGAD-X,wooden_house,heavy_rain,night,63.8,21.0,C-RANK
NGAD-X,wooden_house,windy,early_morning,77.4,10.5,B-RANK
NGAD-X,wooden_house,windy,morning,77.4,36.8,B-RANK
NGAD-X,wooden_house,windy,afternoon,77.4,52.5,C-RANK
NGAD-X,wooden_house,windy,evening,77.4,42.0,C-RANK
NGAD-X,wooden_house,windy,night,77.4,21.0,B-RANK
NGAD-X,wooden_house,storm,early_morning,45.5,10.5,D-RANK
NGAD-X,wooden_house,storm,morning,45.5,36.8,D-RANK
NGAD-X,wooden_house,storm,afternoon,45.5,52.5,D-RANK
NGAD-X,wooden_house,storm,evening,45.5,42.0,D-RANK
NGAD-X,wooden_house,storm,night,45.5,21.0,D-RANK
NGAD-X,wooden_house,fog,early_morning,54.6,10.5,D-RANK
NGAD-X,wooden_house,fog,morning,54.6,36.8,D-RANK
NGAD-X,wooden_house,fog,afternoon,54.6,52.5,D-RANK
NGAD-X,wooden_house,fog,evening,54.6,42.0,D-RANK
NGAD-X,wooden_house,fog,night,54.6,21.0,D-RANK
NGAD-X,concrete_bunker,clear,early_morning,35.6,2.1,F-RANK
NGAD-X,concrete_bunker,clear,morning,35.6,7.3,F-RANK
NGAD-X,concrete_bunker,clear,afternoon,35.6,10.5,F-RANK
NGAD-X,concrete_bunker,clear,evening,35.6,8.4,F-RANK
NGAD-X,concrete_bunker,clear,night,35.6,4.2,F-RANK
NGAD-X,concrete_bunker,light_rain,early_morning,32.1,2.1,F-RANK
NGAD-X,concrete_bunker,light_rain,morning,32.1,7.3,F-RANK
NGAD-X,concrete_bunker,light_rain,afternoon,32.1,10.5,F-RANK
NGAD-X,concrete_bunker,light_rain,evening,32.1,8.4,F-RANK
NGAD-X,concrete_bunker,light_rain,night,32.1,4.2,F-RANK
NGAD-X,concrete_bunker,heavy_rain,early_morning,24.9,2.1,F-RANK
NGAD-X,concrete_bunker,heavy_rain,morning,24.9,7.3,F-RANK
NGAD-X,concrete_bunker,heavy_rain,afternoon,24.9,10.5,F-RANK
NGAD-X,concrete_bunker,heavy_rain,evening,24.9,8.4,F-RANK
NGAD-X,concrete_bunker,heavy_rain,night,24.9,4.2,F-RANK
NGAD-X,concrete_bunker,windy,early_morning,30.3,2.1,F-RANK
NGAD-X,concrete_bunker,windy,morning,30.3,7.3,F-RANK
NGAD-X,concrete_bunker,windy,afternoon,30.3,10.5,F-RANK
NGAD-X,concrete_bunker,windy,evening,30.3,8.4,F-RANK
NGAD-X,concrete_bunker,windy,night,30.3,4.2,F-RANK
NGAD-X,concrete_bunker,storm,early_morning,17.8,2.1,F-RANK
NGAD-X,concrete_bunker,storm,morning,17.8,7.3,F-RANK
NGAD-X,concrete_bunker,storm,afternoon,17.8,10.5,F-RANK
NGAD-X,concrete_bunker,storm,evening,17.8,8.4,F-RANK
NGAD-X,concrete_bunker,storm,night,17.8,4.2,F-RANK
NGAD-X,concrete_bunker,fog,early_morning,21.4,2.1,F-RANK
NGAD-X,concrete_bunker,fog,morning,21.4,7.3,F-RANK
NGAD-X,concrete_bunker,fog,afternoon,21.4,10.5,F-RANK
NGAD-X,concrete_bunker,fog,evening,21.4,8.4,F-RANK
NGAD-X,concrete_bunker,fog,night,21.4,4.2,F-RANK
NGAD-X,nuclear_facility,clear,early_morning,29.7,10.5,F-RANK
NGAD-X,nuclear_facility,clear,morning,29.7,36.8,F-RANK
NGAD-X,nuclear_facility,clear,afternoon,29.7,52.5,F-RANK
NGAD-X,nuclear_facility,clear,evening,29.7,42.0,F-RANK
NGAD-X,nuclear_facility,clear,night,29.7,21.0,F-RANK
NGAD-X,nuclear_facility,light_rain,early_morning,26.7,10.5,F-RANK
NGAD-X,nuclear_facility,light_rain,morning,26.7,36.8,F-RANK
NGAD-X,nuclear_facility,light_rain,afternoon,26.7,52.5,F-RANK
NGAD-X,nuclear_facility,light_rain,evening,26.7,42.0,F-RANK
NGAD-X,nuclear_facility,light_rain,night,26.7,21.0,F-RANK
NGAD-X,nuclear_facility,heavy_rain,early_morning,20.8,10.5,F-RANK
NGAD-X,nuclear_facility,heavy_rain,morning,20.8,36.8,F-RANK
NGAD-X,nuclear_facility,heavy_rain,afternoon,20.8,52.5,F-RANK
NGAD-X,nuclear_facility,heavy_rain,evening,20.8,42.0,F-RANK
NGAD-X,nuclear_facility,heavy_rain,night,20.8,21.0,F-RANK
NGAD-X,nuclear_facility,windy,early_morning,25.2,10.5,F-RANK
NGAD-X,nuclear_facility,windy,morning,25.2,36.8,F-RANK
NGAD-X,nuclear_facility,windy,afternoon,25.2,52.5,F-RANK
NGAD-X,nuclear_facility,windy,evening,25.2,42.0,F-RANK
NGAD-X,nuclear_facility,windy,night,25.2,21.0,F-RANK
NGAD-X,nuclear_facility,storm,early_morning,14.8,10.5,F-RANK
NGAD-X,nuclear_facility,storm,morning,14.8,36.8,F-RANK
NGAD-X,nuclear_facility,storm,afternoon,14.8,52.5,F-RANK
NGAD-X,nuclear_facility,storm,evening,14.8,42.0,F-RANK
NGAD-X,nuclear_facility,storm,night,14.8,21.0,F-RANK
NGAD-X,nuclear_facility,fog,early_morning,17.8,10.5,F-RANK
NGAD-X,nuclear_facility,fog,morning,17.8,36.8,F-RANK
NGAD-X,nuclear_facility,fog,afternoon,17.8,52.5,F-RANK
NGAD-X,nuclear_facility,fog,evening,17.8,42.0,F-RANK
NGAD-X,nuclear_facility,fog,night,17.8,21.0,F-RANK
NGAD-X,military_base,clear,early_morning,51.5,4.9,D-RANK
NGAD-X,military_base,clear,morning,51.5,17.1,D-RANK
NGAD-X,military_base,clear,afternoon,51.5,24.5,D-RANK
NGAD-X,military_base,clear,evening,51.5,19.6,D-RANK
NGAD-X,military_base,clear,night,51.5,9.8,D-RANK
NGAD-X,military_base,light_rain,early_morning,46.3,4.9,D-RANK
NGAD-X,military_base,light_rain,morning,46.3,17.1,D-RANK
NGAD-X,military_base,light_rain,afternoon,46.3,24.5,D-RANK
NGAD-X,military_base,light_rain,evening,46.3,19.6,D-RANK
NGAD-X,military_base,light_rain,night,46.3,9.8,D-RANK
NGAD-X,military_base,heavy_rain,early_morning,36.0,4.9,F-RANK
NGAD-X,military_base,heavy_rain,morning,36.0,17.1,F-RANK
NGAD-X,military_base,heavy_rain,afternoon,36.0,24.5,F-RANK
NGAD-X,military_base,heavy_rain,evening,36.0,19.6,F-RANK
NGAD-X,military_base,heavy_rain,night,36.0,9.8,F-RANK
NGAD-X,military_base,windy,early_morning,43.8,4.9,D-RANK
NGAD-X,military_base,windy,morning,43.8,17.1,D-RANK
NGAD-X,military_base,windy,afternoon,43.8,24.5,D-RANK
NGAD-X,military_base,windy,evening,43.8,19.6,D-RANK
NGAD-X,military_base,windy,night,43.8,9.8,D-RANK
NGAD-X,military_base,storm,early_morning,25.7,4.9,F-RANK
NGAD-X,military_base,storm,morning,25.7,17.1,F-RANK
NGAD-X,military_base,storm,afternoon,25.7,24.5,F-RANK
NGAD-X,military_base,storm,evening,25.7,19.6,F-RANK
NGAD-X,military_base,storm,night,25.7,9.8,F-RANK
NGAD-X,military_base,fog,early_morning,30.9,4.9,F-RANK
NGAD-X,military_base,fog,morning,30.9,17.1,F-RANK
NGAD-X,military_base,fog,afternoon,30.9,24.5,F-RANK
NGAD-X,military_base,fog,evening,30.9,19.6,F-RANK
NGAD-X,military_base,fog,night,30.9,9.8,F-RANK
NGAD-X,bridge,clear,early_morning,67.3,2.1,C-RANK
NGAD-X,bridge,clear,morning,67.3,7.3,C-RANK
NGAD-X,bridge,clear,afternoon,67.3,10.5,C-RANK
NGAD-X,bridge,clear,evening,67.3,8.4,C-RANK
NGAD-X,bridge,clear,night,67.3,4.2,C-RANK
NGAD-X,bridge,light_rain,early_morning,60.6,2.1,C-RANK
NGAD-X,bridge,light_rain,morning,60.6,7.3,C-RANK
NGAD-X,bridge,light_rain,afternoon,60.6,10.5,C-RANK
NGAD-X,bridge,light_rain,evening,60.6,8.4,C-RANK
NGAD-X,bridge,light_rain,night,60.6,4.2,C-RANK
NGAD-X,bridge,heavy_rain,early_morning,47.1,2.1,D-RANK
NGAD-X,bridge,heavy_rain,morning,47.1,7.3,D-RANK
NGAD-X,bridge,heavy_rain,afternoon,47.1,10.5,D-RANK
NGAD-X,bridge,heavy_rain,evening,47.1,8.4,D-RANK
NGAD-X,bridge,heavy_rain,night,47.1,4.2,D-RANK
NGAD-X,bridge,windy,early_morning,57.2,2.1,D-RANK
NGAD-X,bridge,windy,morning,57.2,7.3,D-RANK
NGAD-X,bridge,windy,afternoon,57.2,10.5,D-RANK
NGAD-X,bridge,windy,evening,57.2,8.4,D-RANK
NGAD-X,bridge,windy,night,57.2,4.2,D-RANK
NGAD-X,bridge,storm,early_morning,33.7,2.1,F-RANK
NGAD-X,bridge,storm,morning,33.7,7.3,F-RANK
NGAD-X,bridge,storm,afternoon,33.7,10.5,F-RANK
NGAD-X,bridge,storm,evening,33.7,8.4,F-RANK
NGAD-X,bridge,storm,night,33.7,4.2,F-RANK
NGAD-X,bridge,fog,early_morning,40.4,2.1,D-RANK
NGAD-X,bridge,fog,morning,40.4,7.3,D-RANK
NGAD-X,bridge,fog,afternoon,40.4,10.5,D-RANK
NGAD-X,bridge,fog,evening,40.4,8.4,D-RANK
NGAD-X,bridge,fog,night,40.4,4.2,D-RANK
NGAD-X,command_center,clear,early_morning,43.6,4.9,D-RANK
NGAD-X,command_center,clear,morning,43.6,17.1,D-RANK
NGAD-X,command_center,clear,afternoon,43.6,24.5,D-RANK
NGAD-X,command_center,clear,evening,43.6,19.6,D-RANK
NGAD-X,command_center,clear,night,43.6,9.8,D-RANK
NGAD-X,command_center,light_rain,early_morning,39.2,4.9,F-RANK
NGAD-X,command_center,light_rain,morning,39.2,17.1,F-RANK
NGAD-X,command_center,light_rain,afternoon,39.2,24.5,F-RANK
NGAD-X,command_center,light_rain,evening,39.2,19.6,F-RANK
NGAD-X,command_center,light_rain,night,39.2,9.8,F-RANK
NGAD-X,command_center,heavy_rain,early_morning,30.5,4.9,F-RANK
NGAD-X,command_center,heavy_rain,morning,30.5,17.1,F-RANK
NGAD-X,command_center,heavy_rain,afternoon,30.5,24.5,F-RANK
NGAD-X,command_center,heavy_rain,evening,30.5,19.6,F-RANK
NGAD-X,command_center,heavy_rain,night,30.5,9.8,F-RANK
NGAD-X,command_center,windy,early_morning,37.0,4.9,F-RANK
NGAD-X,command_center,windy,morning,37.0,17.1,F-RANK
NGAD-X,command_center,windy,afternoon,37.0,24.5,F-RANK
NGAD-X,command_center,windy,evening,37.0,19.6,F-RANK
NGAD-X,command_center,windy,night,37.0,9.8,F-RANK
NGAD-X,command_center,storm,early_morning,21.8,4.9,F-RANK
NGAD-X,command_center,storm,morning,21.8,17.1,F-RANK
NGAD-X,command_center,storm,afternoon,21.8,24.5,F-RANK
NGAD-X,command_center,storm,evening,21.8,19.6,F-RANK
NGAD-X,command_center,storm,night,21.8,9.8,F-RANK
NGAD-X,command_center,fog,early_morning,26.1,4.9,F-RANK
NGAD-X,command_center,fog,morning,26.1,17.1,F-RANK
NGAD-X,command_center,fog,afternoon,26.1,24.5,F-RANK
NGAD-X,command_center,fog,evening,26.1,19.6,F-RANK
NGAD-X,command_center,fog,night,26.1,9.8,F-RANK
NGAD-X,warehouse,clear,early_morning,75.2,7.7,B-RANK
NGAD-X,warehouse,clear,morning,75.2,26.9,B-RANK
NGAD-X,warehouse,clear,afternoon,75.2,38.5,B-RANK
NGAD-X,warehouse,clear,evening,75.2,30.8,B-RANK
NGAD-X,warehouse,clear,night,75.2,15.4,B-RANK
NGAD-X,warehouse,light_rain,early_morning,67.7,7.7,C-RANK
NGAD-X,warehouse,light_rain,morning,67.7,26.9,C-RANK
NGAD-X,warehouse,light_rain,afternoon,67.7,38.5,C-RANK
NGAD-X,warehouse,light_rain,evening,67.7,30.8,C-RANK
NGAD-X,warehouse,light_rain,night,67.7,15.4,C-RANK
NGAD-X,warehouse,heavy_rain,early_morning,52.7,7.7,D-RANK
NGAD-X,warehouse,heavy_rain,morning,52.7,26.9,D-RANK
NGAD-X,warehouse,heavy_rain,afternoon,52.7,38.5,D-RANK
NGAD-X,warehouse,heavy_rain,evening,52.7,30.8,D-RANK
NGAD-X,warehouse,heavy_rain,night,52.7,15.4,D-RANK
NGAD-X,warehouse,windy,early_morning,64.0,7.7,C-RANK
NGAD-X,warehouse,windy,morning,64.0,26.9,C-RANK
NGAD-X,warehouse,windy,afternoon,64.0,38.5,C-RANK
NGAD-X,warehouse,windy,evening,64.0,30.8,C-RANK
NGAD-X,warehouse,windy,night,64.0,15.4,C-RANK
NGAD-X,warehouse,storm,early_morning,37.6,7.7,F-RANK
NGAD-X,warehouse,storm,morning,37.6,26.9,F-RANK
NGAD-X,warehouse,storm,afternoon,37.6,38.5,F-RANK
NGAD-X,warehouse,storm,evening,37.6,30.8,F-RANK
NGAD-X,warehouse,storm,night,37.6,15.4,F-RANK
NGAD-X,warehouse,fog,early_morning,45.1,7.7,D-RANK
NGAD-X,warehouse,fog,morning,45.1,26.9,D-RANK
NGAD-X,warehouse,fog,afternoon,45.1,38.5,D-RANK
NGAD-X,warehouse,fog,evening,45.1,30.8,D-RANK
NGAD-X,warehouse,fog,night,45.1,15.4,D-RANK
